number,kind,state,state_reason,merged,labels,created,title,top,p_top,second,p_second
1,pr,closed,,yes,,2015-03-05,Polling,pr_functional,0.75,insufficient_evidence,0.2
2,issue,closed,completed,,enhancement,2015-03-11,Add CocoaPods support,build_packaging_env,0.54,feature_request,0.45
3,issue,closed,completed,,enhancement,2015-03-11,Maybe use Starscream instead ?,feature_request,0.91,support_question,0.04
4,pr,closed,,no,,2015-03-11,Add CocoaPods podspec,build_packaging_env,0.83,pr_non_functional,0.14
5,issue,closed,completed,,,2015-03-11,Objective-C support,feature_request,0.6,defect_fixed_or_obsolete,0.34
6,pr,closed,,yes,,2015-03-11,1.2,pr_functional,0.63,insufficient_evidence,0.2
7,pr,closed,,yes,,2015-03-12,CocoaPods podspec for v1.1.0,build_packaging_env,0.76,pr_non_functional,0.24
8,pr,closed,,yes,,2015-03-12,[README] add CocoaPods in Installation section,pr_non_functional,0.99,docs_gap,0.01
9,pr,closed,,yes,,2015-03-12,merge master,pr_functional,0.78,insufficient_evidence,0.19
10,issue,closed,completed,,,2015-03-14,doPoll: Assertion Failed,defect_fixed_or_obsolete,0.97,defect_current,0.03
11,issue,closed,completed,,bug|patched,2015-03-15,"Allow . to match any character, including line separators.",defect_fixed_or_obsolete,0.82,defect_current,0.16
12,issue,closed,completed,,enhancement|patched,2015-03-15,Actual logging option,feature_request,0.97,defect_fixed_or_obsolete,0.02
13,issue,closed,completed,,bug|patched,2015-03-15,Unicode in polling,defect_fixed_or_obsolete,0.75,insufficient_evidence,0.14
14,issue,closed,completed,,,2015-03-16,Swift 1.2 PodSpec branch.,support_question,0.6900000000000001,build_packaging_env,0.29
15,pr,closed,,no,,2015-03-16,changing the branch for pod installation.,build_packaging_env,0.65,pr_non_functional,0.3
16,issue,closed,completed,,bug|patched,2015-03-16,Timed out acks aren't removed from ackHandlers,defect_fixed_or_obsolete,0.75,defect_current,0.14
17,issue,closed,completed,,enhancement|patched,2015-03-17,authorization query,feature_request,0.93,defect_fixed_or_obsolete,0.04
18,pr,closed,,no,,2015-03-18,updated parsing to better handle acks,pr_functional,0.56,defect_fixed_or_obsolete,0.18
19,issue,closed,completed,,,2015-03-18,Error parsing message: 1,support_question,0.86,defect_fixed_or_obsolete,0.09
20,issue,closed,completed,,bug|enhancement|patched,2015-03-18,Handle disconnect event,defect_fixed_or_obsolete,0.51,duplicate_invalid_spam,0.19
21,pr,closed,,yes,,2015-03-18,Parsing,pr_functional,0.76,defect_fixed_or_obsolete,0.15
22,issue,closed,completed,,on hold,2015-03-19,"Event on ""connect"" not called",defect_current,0.76,defect_fixed_or_obsolete,0.11
23,pr,closed,,yes,,2015-03-21,Performance,pr_functional,0.94,insufficient_evidence,0.05
24,pr,closed,,yes,,2015-03-22,refactor,pr_functional,0.72,insufficient_evidence,0.23
25,issue,closed,completed,,enhancement|patched,2015-03-24,Remove event handler function missing,feature_request,0.97,defect_fixed_or_obsolete,0.02
26,issue,closed,completed,,,2015-03-26,Support for Rooms?,support_question,0.74,feature_request,0.26
27,issue,closed,completed,,bug|patched,2015-03-26,obj-c  interface,defect_fixed_or_obsolete,0.64,defect_current,0.29
28,pr,closed,,no,,2015-03-26,Carthage Support,build_packaging_env,0.5700000000000001,pr_functional,0.3
29,issue,closed,completed,,unconfirmed,2015-03-26,SocketEngine.swift:470. EXC_BAD_ACCESS,defect_fixed_or_obsolete,0.63,defect_current,0.32
30,issue,closed,completed,,,2015-03-26,WebSocket.swift:602. EXC_BAD_ACCESS KERN_INVALID_ADDRESS (Crashed: engineHandleQueue),duplicate_invalid_spam,0.65,defect_fixed_or_obsolete,0.21
31,issue,closed,completed,,,2015-03-26,WebSocket.swift:283. EXC_BAD_ACCESS KERN_INVALID_ADDRESS (Crashed: engineHandleQueue),duplicate_invalid_spam,0.4,defect_fixed_or_obsolete,0.33
32,issue,closed,completed,,,2015-03-26,Basic client crashes when connected with namespace nsp option,defect_fixed_or_obsolete,0.81,support_question,0.13
33,issue,closed,completed,,,2015-03-26,How to pass data to emitObjc?,support_question,1,defect_current,0
34,issue,closed,completed,,,2015-03-27,Swift Compiler Error,build_packaging_env,0.63,defect_fixed_or_obsolete,0.36
35,issue,closed,completed,,,2015-03-27,Swift Compiler error,defect_fixed_or_obsolete,0.63,build_packaging_env,0.37
36,issue,closed,completed,,bug|patched,2015-03-27,Client connecting multiple times  when proxied through nginx,defect_fixed_or_obsolete,0.56,defect_current,0.23
37,issue,closed,completed,,enhancement|patched,2015-03-28,onAny in Objective-C,support_question,0.93,docs_gap,0.04
38,issue,closed,completed,,enhancement|need input,2015-03-29,Rework Objective-C API,feature_request,0.98,insufficient_evidence,0.01
39,issue,closed,completed,,unconfirmed,2015-03-31,"on @""connect"" is not emitted",support_question,0.8,defect_fixed_or_obsolete,0.17
40,pr,closed,,yes,,2015-04-01,Betterreadme,pr_non_functional,0.6,pr_functional,0.23
41,issue,closed,completed,,,2015-04-02,namespace(nsp) format is wrong,support_question,0.8,defect_fixed_or_obsolete,0.16
42,issue,closed,completed,,,2015-04-02,"Endless loop while namespace is ""/""",defect_fixed_or_obsolete,0.94,defect_current,0.05
43,issue,closed,completed,,bug|patched,2015-04-02,Problem with emitWithAck being called consecutively,defect_fixed_or_obsolete,0.94,defect_current,0.06
44,pr,closed,,yes,,2015-04-03,Redoacks,pr_functional,0.6,defect_fixed_or_obsolete,0.36
45,issue,closed,completed,,enhancement|patched,2015-04-07,emit error event when the socket is denied by the server.,defect_fixed_or_obsolete,0.52,feature_request,0.47
46,issue,closed,completed,,bug|patched,2015-04-07,Capture self in acknowledgement callback,defect_fixed_or_obsolete,0.69,support_question,0.28
47,pr,closed,,yes,,2015-04-09,Engine Errors,pr_functional,0.54,insufficient_evidence,0.23
48,issue,closed,completed,,unconfirmed,2015-04-09,Multiple reconnection attempts triggers multiple disconnection events,defect_current,0.95,insufficient_evidence,0.02
49,issue,closed,completed,,,2015-04-10,podspec v2.0.1 has no source_files,defect_fixed_or_obsolete,0.75,build_packaging_env,0.25
50,pr,closed,,no,,2015-04-10,Carthage,build_packaging_env,0.63,pr_non_functional,0.19
51,issue,closed,completed,,,2015-04-11,Use of subscripts causes Xcode builds to fail,defect_fixed_or_obsolete,0.52,build_packaging_env,0.32
52,pr,closed,,yes,,2015-04-11,work on logging,pr_functional,0.93,insufficient_evidence,0.06
53,pr,closed,,yes,,2015-04-13,Fixed the use of the ?? operator because Swift is broken,defect_fixed_or_obsolete,0.7,pr_functional,0.26
54,issue,closed,completed,,enhancement|patched,2015-04-17,Using this client with self signed certificates,feature_request,0.89,pr_functional,0.07
55,pr,closed,,yes,,2015-04-17,Adding support for self signed certificates by passing in a NSURLSessionDelegate optional,pr_functional,0.93,feature_request,0.07
56,issue,closed,completed,,question,2015-04-17,Compile Error While integrating the Swift client into Objective C Project.,build_packaging_env,0.7,defect_fixed_or_obsolete,0.23
57,issue,closed,completed,,bug|patched,2015-04-21,"Plus signs (""+"") is not URL encoded",defect_fixed_or_obsolete,0.86,defect_current,0.12
58,pr,closed,,yes,,2015-04-21,[FIX] Plus signs (+) is not URL encoded #57,defect_fixed_or_obsolete,0.6,pr_functional,0.36
59,pr,closed,,yes,,2015-04-21,[FIX] memory leak with the takeUnretainedValue(),defect_fixed_or_obsolete,0.55,pr_functional,0.33
60,issue,closed,completed,,invalid|question,2015-04-22,How to get parameters of connection event?,support_question,0.9,duplicate_invalid_spam,0.1
61,issue,closed,completed,,bug|patched,2015-04-22,sending data with NSNull in it,defect_fixed_or_obsolete,0.47000000000000003,insufficient_evidence,0.45
62,issue,closed,completed,,bug|patched,2015-04-23,Carthage building error on 955ad84,build_packaging_env,0.9,defect_fixed_or_obsolete,0.09
63,pr,closed,,yes,,2015-04-25,clean up engineclient,pr_functional,0.59,insufficient_evidence,0.32
64,issue,closed,completed,,question,2015-04-26,Namespace use,support_question,1,duplicate_invalid_spam,0
65,issue,closed,completed,,enhancement,2015-04-27,Allow option to specify custom socket.io url path.,feature_request,0.98,duplicate_invalid_spam,0.01
66,issue,closed,completed,,enhancement|patched,2015-04-27,forceWebsockets and cookies,feature_request,0.48,defect_fixed_or_obsolete,0.33
67,issue,closed,completed,,help wanted|question,2015-04-27,won't reconnect when the app come back from background,support_question,0.51,defect_current,0.46
68,issue,closed,completed,,question,2015-04-27,How do I register for unrequested updates?,support_question,1,insufficient_evidence,0
69,issue,closed,completed,,,2015-04-28,NSCFArray and NSCFDictionary ?,support_question,0.62,defect_fixed_or_obsolete,0.15
70,issue,closed,completed,,bug|enhancement|patched,2015-04-29,self gets released while dispatch_async block executes.,defect_fixed_or_obsolete,0.75,defect_current,0.23
71,pr,closed,,yes,,2015-04-29,Removeunsafeunwraps,pr_functional,0.45,defect_fixed_or_obsolete,0.36
72,issue,closed,completed,,bug|patched,2015-04-30,AllowedCharacterSet  in connect params,defect_fixed_or_obsolete,0.69,defect_current,0.23
73,issue,closed,completed,,question,2015-05-01,Event not called after connecting to socket,support_question,0.93,defect_fixed_or_obsolete,0.06
74,issue,closed,completed,,,2015-05-01,Installation problem,build_packaging_env,0.86,defect_fixed_or_obsolete,0.14
75,issue,closed,completed,,question,2015-05-05,HTTPHeader in socket.io,support_question,0.73,feature_request,0.27
76,issue,closed,completed,,,2015-05-08,use socket.connect() in v2.2.3 has a problem,support_question,0.88,defect_fixed_or_obsolete,0.1
77,issue,closed,completed,,question,2015-05-08,"How to best create a ""Global"" socket?",support_question,1,defect_current,0
78,pr,closed,,yes,,2015-05-09,Redoconnects,pr_functional,0.8,insufficient_evidence,0.14
79,issue,closed,completed,,unconfirmed,2015-05-11,Issue with namespaces,support_question,0.44,defect_current,0.35
80,issue,closed,completed,,question,2015-05-12,79 Errors while adding SocketIOClientSwift folder to a new Swift project in Xcode,build_packaging_env,0.92,defect_fixed_or_obsolete,0.06
81,issue,closed,completed,,,2015-05-12,server: how to send ack to client,support_question,1,pr_non_functional,0
82,issue,closed,completed,,,2015-05-13,passport support,support_question,0.62,feature_request,0.38
83,issue,closed,completed,,unconfirmed,2015-05-14,event is emited twice,defect_current,0.91,insufficient_evidence,0.07
84,issue,closed,completed,,unconfirmed,2015-05-15,"Usages of emitWithAck(event:String, _ items:AnyObject...) in Objective-C",support_question,0.99,defect_fixed_or_obsolete,0.01
85,issue,closed,completed,,bug|patched,2015-05-24,Cant send multiline messages,defect_fixed_or_obsolete,0.84,defect_current,0.14
86,issue,closed,completed,,question,2015-05-26,CocoaPods Setup,build_packaging_env,0.59,feature_request,0.28
87,issue,closed,completed,,bug|patched,2015-05-26,Websocket ping timeout,defect_fixed_or_obsolete,0.92,defect_current,0.07
88,issue,closed,completed,,unconfirmed,2015-05-27,won't reconnect when app gets suspended in background,defect_current,0.83,defect_fixed_or_obsolete,0.13
89,issue,closed,completed,,bug|wontfix|unconfirmed,2015-05-29,Memory Leaks,defect_current,0.85,defect_fixed_or_obsolete,0.14
90,issue,closed,completed,,,2015-05-30,replacement for connectWithParams not working?,support_question,0.86,defect_fixed_or_obsolete,0.11
91,issue,closed,completed,,,2015-06-01,"SocketIOClient is disconnected when app enters background, reconnected when entering to foreground",support_question,0.96,defect_fixed_or_obsolete,0.03
92,issue,closed,completed,,,2015-06-05,got a crash when server reject connect,defect_fixed_or_obsolete,0.94,defect_current,0.04
93,issue,closed,completed,,,2015-06-06,WebSocket never deinit'd if close is not called,defect_current,0.66,defect_fixed_or_obsolete,0.31
94,issue,closed,completed,,,2015-06-08,I cannot receive data back from server,support_question,0.99,defect_fixed_or_obsolete,0.01
95,issue,closed,completed,,enhancement,2015-06-08,Cannot compile for iOS 9,build_packaging_env,0.6,defect_fixed_or_obsolete,0.38
96,pr,closed,,yes,,2015-06-09,Swift 2,defect_fixed_or_obsolete,0.39,pr_functional,0.35
97,issue,closed,completed,,bug|patched,2015-06-11,Crash on dispatch_async in SocketEngine with v2.3.4,defect_fixed_or_obsolete,0.89,defect_current,0.09
98,issue,closed,completed,,question,2015-06-14,Support for emitting binary data (or documentation for it),support_question,0.92,feature_request,0.04
99,issue,closed,completed,,unconfirmed,2015-06-15,cannot emit to server,support_question,0.96,defect_fixed_or_obsolete,0.03
100,issue,closed,completed,,bug|patched,2015-06-16,"About nil sid in ""connect"" event callback",defect_fixed_or_obsolete,0.98,insufficient_evidence,0.01
101,issue,closed,completed,,unconfirmed,2015-06-19,Connection is connected again and again,defect_current,0.9,defect_fixed_or_obsolete,0.08
102,issue,closed,completed,,,2015-06-19,Connection is connected again and again,duplicate_invalid_spam,0.86,defect_current,0.08
103,issue,closed,completed,,,2015-06-19,Crash in class SocketEngine for function startPingTime in version 2.3.4,duplicate_invalid_spam,0.67,defect_fixed_or_obsolete,0.22
104,issue,closed,completed,,bug|patched,2015-06-23,socket.connecting never set to 'YES',defect_fixed_or_obsolete,0.97,defect_current,0.03
105,issue,closed,completed,,unconfirmed,2015-06-27,won't compile with existing project,build_packaging_env,0.9400000000000001,defect_fixed_or_obsolete,0.06
106,issue,closed,completed,,help wanted|question,2015-06-28,make a slight change to the README,docs_gap,0.88,support_question,0.09
107,issue,closed,completed,,help wanted|question,2015-06-30,socket.io-client-swift & cocoa pods,build_packaging_env,0.97,support_question,0.03
108,issue,closed,completed,,unconfirmed,2015-07-01,Multiple Connections,support_question,0.84,defect_current,0.14
109,issue,closed,completed,,unconfirmed,2015-07-03,closeWithFast Crash on Mavericks,defect_current,0.63,defect_fixed_or_obsolete,0.35
110,issue,closed,completed,,bug|patched,2015-07-03,The socket is trying to reconnect after closeWithFast call,defect_current,0.68,defect_fixed_or_obsolete,0.16
111,issue,closed,completed,,invalid,2015-07-06,Emit Dictionary in Objective-C,support_question,0.6,duplicate_invalid_spam,0.26
112,pr,closed,,no,,2015-07-06,emit dictionary in Objective-C,pr_functional,0.52,duplicate_invalid_spam,0.28
113,issue,closed,completed,,bug|patched,2015-07-06,Swift 2 branch is not working,defect_fixed_or_obsolete,0.86,defect_current,0.07
114,issue,closed,completed,,question,2015-07-08,Unable to get the client working in OS X Console App on Yosemite,support_question,0.97,defect_fixed_or_obsolete,0.02
115,issue,closed,completed,,unconfirmed,2015-07-09,Event Sending Failure,support_question,0.71,defect_current,0.27
116,issue,closed,completed,,bug|patched,2015-07-10,Crash in WebSocket.swift with iOS 7,defect_fixed_or_obsolete,0.8,defect_current,0.11
117,pr,closed,,yes,,2015-07-12,Added project with iOS and Mac targets => Carthage support,build_packaging_env,0.57,pr_non_functional,0.39
118,pr,closed,,yes,,2015-07-13,Remove handlers,pr_functional,0.96,feature_request,0.03
119,issue,closed,completed,,invalid,2015-07-13,over 95 errors on import,build_packaging_env,0.84,defect_fixed_or_obsolete,0.08
120,issue,closed,completed,,,2015-07-15,How to know when emit has completed?,support_question,0.86,feature_request,0.14
121,issue,closed,completed,,unconfirmed,2015-07-19,Can not connect successfully in iOS 9,support_question,0.64,defect_fixed_or_obsolete,0.18
122,issue,closed,completed,,invalid,2015-07-21,Join Room,support_question,0.55,duplicate_invalid_spam,0.45
123,issue,closed,completed,,,2015-07-22,[Question] Example for emitWithAck for ObjC?,support_question,0.98,docs_gap,0.02
124,issue,closed,completed,,,2015-07-22,Compiler warinings in beta4,defect_fixed_or_obsolete,0.67,build_packaging_env,0.31
125,issue,closed,completed,,question,2015-07-23,Best practice in order to re-send data that wasn't sent to server,support_question,0.98,feature_request,0.02
126,issue,closed,completed,,question,2015-07-24,Can't use in Objective-C library or Framework,build_packaging_env,0.76,support_question,0.21
127,pr,closed,,yes,,2015-07-24,Tests for socket.io client,pr_non_functional,1,defect_current,0
128,issue,closed,completed,,,2015-07-27,Crash in WebSocket.swift iOS 8.4,defect_fixed_or_obsolete,0.45,defect_current,0.23
129,issue,closed,completed,,,2015-07-27,Multiple Errors when using in XCode 7,build_packaging_env,0.66,defect_fixed_or_obsolete,0.28
130,issue,closed,completed,,invalid,2015-08-02,WatchOS is not compiling,build_packaging_env,0.76,duplicate_invalid_spam,0.14
131,issue,closed,completed,,question,2015-08-03,Why ack block is NULL?,support_question,0.98,defect_fixed_or_obsolete,0.02
132,issue,closed,completed,,question,2015-08-03,Help wanted: How to pass in query string when connecting to socketio endpoint?,support_question,1,duplicate_invalid_spam,0
133,issue,closed,completed,,bug|patched,2015-08-03,Swift 2 from objc Missing method on,defect_fixed_or_obsolete,0.91,build_packaging_env,0.05
134,issue,closed,completed,,unconfirmed,2015-08-03,Unable to request ack with iOS client,support_question,0.53,defect_fixed_or_obsolete,0.28
135,issue,closed,completed,,enhancement|patched,2015-08-05,Threading Documentation,docs_gap,0.87,feature_request,0.09
136,issue,closed,completed,,unconfirmed,2015-08-05,Swift 2 Branch Strange Late Connect Behavior Question,defect_fixed_or_obsolete,0.37,support_question,0.35
137,issue,closed,completed,,bug|patched,2015-08-05,Version 2.4.1 breaks objective-c interoperability,defect_fixed_or_obsolete,0.5700000000000001,build_packaging_env,0.36
138,issue,closed,completed,,unconfirmed,2015-08-06,can't connect to server with parameter,support_question,0.88,defect_current,0.08
139,issue,closed,completed,,,2015-08-06,Closing socket,support_question,0.55,defect_current,0.31
140,issue,closed,completed,,unconfirmed,2015-08-07,iOS 9: The operation couldn’t be completed. No such file or directory,support_question,0.63,defect_fixed_or_obsolete,0.16
141,pr,closed,,yes,,2015-08-10,Api improvements,pr_functional,0.99,pr_non_functional,0.01
142,issue,closed,completed,,,2015-08-11,socket.io LINUX TCP,support_question,0.65,defect_current,0.16
143,issue,closed,completed,,,2015-08-14,"Generated header file throws undefined symbols ""_OBJC_CLASS_$__TtC22Socket_IO_Client_Swift14SocketIOClient""  when trying to use Socket.io-client-swift in ObjectiveC",build_packaging_env,0.95,defect_fixed_or_obsolete,0.04
144,pr,closed,,no,,2015-08-15,Clear waiting data on reconnect (like JS does),pr_functional,0.39,insufficient_evidence,0.28
145,issue,closed,completed,,bug|patched,2015-08-17,"""masked and rsv data is not currently supported"" leads to crash on ACK",defect_fixed_or_obsolete,0.74,defect_current,0.25
146,issue,closed,completed,,question,2015-08-20,Using socket.io in a background task,support_question,1,defect_fixed_or_obsolete,0
147,issue,closed,completed,,,2015-08-24,pod for Xcode 7 and Swift 2.0,build_packaging_env,0.77,defect_fixed_or_obsolete,0.14
148,issue,closed,completed,,,2015-08-25,"generic specialization <Swift.Array<Swift.AnyObject>, Swift.String with Swift.String : Swift.OutputStreamType in Swift> of Swift.print <A, B : Swift.OutputStreamType>(A, inout B) -> ()  raw",defect_fixed_or_obsolete,0.79,defect_current,0.15
149,issue,closed,completed,,,2015-08-25,Crashed: com.apple.root.default-qos EXC_BAD_ACCESS 0x17d884ea,defect_fixed_or_obsolete,0.51,defect_current,0.47000000000000003
150,issue,closed,completed,,,2015-08-25,how to join a room?,support_question,0.99,feature_request,0.01
151,pr,closed,,yes,,2015-08-27,Using new Xcode 7 -Owholemodule optimization setting,pr_non_functional,0.78,build_packaging_env,0.21
152,issue,closed,completed,,enhancement|patched,2015-08-31,Client tries to upgrade to websocket when server does not support that transport,defect_fixed_or_obsolete,0.75,defect_current,0.24
153,issue,closed,completed,,bug|patched,2015-08-31,websocket has a question like this,support_question,0.62,defect_current,0.3
154,issue,closed,completed,,,2015-08-31,Socketio swift + flask-socketio connect problems,support_question,0.95,defect_fixed_or_obsolete,0.03
155,pr,closed,,no,,2015-08-31,Travis ci test,pr_non_functional,0.97,duplicate_invalid_spam,0.01
156,pr,closed,,yes,,2015-09-01,Travis ci test,pr_non_functional,0.99,build_packaging_env,0.01
157,issue,closed,completed,,question,2015-09-01,Import with Carthage into objective-c project,support_question,0.53,build_packaging_env,0.46
158,pr,closed,,yes,,2015-09-03,Fix travis ci tests,pr_non_functional,1,support_question,0
159,pr,closed,,no,,2015-09-04,Fix secure option issue,pr_functional,0.35,docs_gap,0.31
160,issue,closed,completed,,unconfirmed,2015-09-04,Apple warning,defect_fixed_or_obsolete,0.47000000000000003,support_question,0.31
161,pr,closed,,yes,,2015-09-04,Logger +  Missing Test code,pr_functional,0.9400000000000001,pr_non_functional,0.06
162,issue,closed,completed,,,2015-09-07,dyld`dyld_fatal_error,build_packaging_env,0.82,defect_fixed_or_obsolete,0.17
163,issue,closed,completed,,,2015-09-07,Xcodeproject fails to build in Xcode 7,build_packaging_env,0.75,defect_fixed_or_obsolete,0.24
164,pr,closed,,yes,,2015-09-07,More tests,pr_non_functional,0.65,pr_functional,0.35
165,issue,closed,completed,,help wanted,2015-09-08,Cannot compile on Swift 2.0/Xcode 7 beta 6,build_packaging_env,0.76,defect_fixed_or_obsolete,0.24
166,issue,closed,completed,,bug,2015-09-08,Client crashes when event name is not a string,defect_current,0.86,defect_fixed_or_obsolete,0.13
167,pr,closed,,yes,,2015-09-09,Fix use-after-release issue in WebSocket,defect_fixed_or_obsolete,0.6,pr_functional,0.31
168,issue,closed,completed,,,2015-09-10,Chat Connection,support_question,1,defect_fixed_or_obsolete,0
169,issue,closed,completed,,,2015-09-10,Cannot build iOS app on El Capitan with Xcode 6.4,build_packaging_env,0.73,defect_fixed_or_obsolete,0.27
170,pr,closed,,yes,,2015-09-11,Code improvements to Swift 2 branch,pr_functional,0.83,defect_fixed_or_obsolete,0.09
171,issue,closed,completed,,,2015-09-11,Socket with only connect event does not work,support_question,0.71,defect_current,0.16
172,pr,closed,,yes,,2015-09-12,Added support for tvOS,pr_non_functional,0.49,build_packaging_env,0.25
173,pr,closed,,no,,2015-09-12,Fix travis xctool,pr_non_functional,0.92,build_packaging_env,0.05
174,pr,closed,,yes,,2015-09-12,replay xctool with xcodebuild,pr_non_functional,0.97,build_packaging_env,0.02
175,pr,closed,,yes,,2015-09-12,Refactor engine polling. Change SocketGenericParser to SocketStringRe…,pr_functional,0.99,insufficient_evidence,0.01
176,issue,closed,completed,,,2015-09-14,Error parsing XHR message,insufficient_evidence,0.93,defect_current,0.05
177,issue,closed,completed,,bug|patched,2015-09-14,Message data missing or overlaps previous data,defect_fixed_or_obsolete,0.98,defect_current,0.02
178,issue,closed,completed,,,2015-09-15,Cannot compile on Objective-C project,build_packaging_env,0.6,support_question,0.24
179,issue,closed,completed,,,2015-09-15,Cannot install using Carthage on Xcode 7 GM,build_packaging_env,0.9,docs_gap,0.05
180,issue,closed,completed,,question,2015-09-16,How to set heart beat interval?,support_question,1,build_packaging_env,0
181,issue,closed,completed,,bug|patched,2015-09-17,parsePollingMessage() crashes on error,defect_fixed_or_obsolete,0.96,defect_current,0.04
182,issue,closed,completed,,,2015-09-17,Simple SocketIO example doesn’t connect anymore after upgrade to 3.0.1,support_question,0.85,defect_fixed_or_obsolete,0.06
183,pr,closed,,yes,,2015-09-17,"Adds SocketIOClient#once(event, callback)",pr_functional,0.99,feature_request,0.01
184,issue,closed,completed,,,2015-09-18,"Calling close method does not fire ""disconnected"" event",defect_fixed_or_obsolete,0.77,defect_current,0.23
185,pr,closed,,yes,,2015-09-18,Api cleanup,pr_functional,0.98,pr_non_functional,0.02
186,pr,closed,,yes,,2015-09-19,Travis test imporvements,pr_non_functional,1,build_packaging_env,0
187,issue,closed,completed,,,2015-09-21,Doesn't compile in new swift standard in new XCode 7.0,build_packaging_env,0.69,defect_fixed_or_obsolete,0.27
188,issue,closed,completed,,bug|patched,2015-09-21,[ERROR] SocketIOClient: Invalid HTTP upgrade,defect_fixed_or_obsolete,0.52,defect_current,0.44
189,issue,closed,completed,,,2015-09-22,Got message: Cannot GET //socket.io/?transport=polling&amp;b64=1,support_question,0.99,defect_fixed_or_obsolete,0.01
190,issue,closed,completed,,enhancement|wontfix,2015-09-23,Q: Do namespaces reuse the existing connection?,feature_request,0.97,support_question,0.03
191,issue,closed,completed,,,2015-09-23,tvos support,build_packaging_env,0.78,feature_request,0.15
192,pr,closed,,yes,,2015-09-24,Either,pr_functional,1,build_packaging_env,0
193,issue,closed,completed,,,2015-09-25,Possible crash when closing connection,defect_current,0.73,defect_fixed_or_obsolete,0.25
194,pr,closed,,yes,,2015-09-26,Test refactors,pr_non_functional,1,defect_fixed_or_obsolete,0
195,issue,closed,completed,,,2015-09-30,Connection not getting established.,support_question,0.93,defect_fixed_or_obsolete,0.07
196,issue,closed,completed,,bug|patched,2015-09-30,Receiving errors as strings fails to call error event handlers,defect_fixed_or_obsolete,0.79,defect_current,0.21
197,issue,closed,completed,,,2015-10-01,Timeout handler is called after closing the connection,defect_current,0.93,insufficient_evidence,0.04
198,pr,closed,,yes,,2015-10-05,Enabled Bitcode,build_packaging_env,0.7,pr_non_functional,0.3
199,pr,closed,,no,,2015-10-06,Travis fix methods,pr_non_functional,0.95,build_packaging_env,0.04
200,issue,closed,completed,,,2015-10-06,Event handler data argument - [AnyObject] vs AnyObject,feature_request,0.89,defect_fixed_or_obsolete,0.07
201,pr,closed,,yes,,2015-10-07,Add CocoaSeeds installation,pr_non_functional,0.97,docs_gap,0.02
202,issue,closed,completed,,,2015-10-07,SSL connection problem,support_question,0.74,defect_fixed_or_obsolete,0.13
203,issue,closed,completed,,bug|enhancement|patched,2015-10-10,lib will crash when connect to a server that don't have IOJS server running,insufficient_evidence,1,pr_non_functional,0
204,issue,closed,completed,,,2015-10-14,Importing with Carthage,build_packaging_env,0.96,support_question,0.03
205,issue,closed,completed,,question,2015-10-14,Is it safe to add event handlers after connection has been opened?,support_question,1,pr_non_functional,0
206,pr,closed,,no,,2015-10-14,Fixed incorrect code signing and bit code settings.,build_packaging_env,0.88,pr_non_functional,0.09
207,issue,closed,completed,,,2015-10-14,emit() not working with Swift client,support_question,0.96,defect_fixed_or_obsolete,0.03
208,issue,closed,completed,,,2015-10-15,Having an issue installing cocoapod of the project,build_packaging_env,0.98,defect_fixed_or_obsolete,0.02
209,issue,closed,completed,,question,2015-10-15,Is there a way to use this library as engine.io client?,support_question,0.76,feature_request,0.24
210,issue,closed,completed,,,2015-10-16,Joining a namespace needs a Ack option.,feature_request,0.88,defect_current,0.06
211,pr,closed,,no,,2015-10-17,Improve initial options,pr_functional,0.68,feature_request,0.21
212,pr,closed,,yes,,2015-10-17,Better options,pr_functional,0.98,feature_request,0.02
213,pr,closed,,no,,2015-10-18,Real type save,pr_functional,0.79,feature_request,0.2
214,issue,closed,completed,,,2015-10-18,Xcode code highlighting crashes,defect_fixed_or_obsolete,0.6,build_packaging_env,0.36
215,issue,closed,completed,,,2015-10-18,disconnect event fired before server recognizes disconnect,defect_fixed_or_obsolete,0.86,support_question,0.09
216,issue,closed,completed,,enhancement,2015-10-18,Add 'off()' and 'removeAllHandlers()' to readme,docs_gap,1,pr_non_functional,0
217,issue,closed,completed,,,2015-10-19,Fails to compile; WebSocketDeleate undeclared,build_packaging_env,0.56,defect_fixed_or_obsolete,0.36
218,issue,closed,completed,,,2015-10-21,how could i send json data and receive data like readLine?,support_question,1,pr_functional,0
219,issue,closed,completed,,,2015-10-21,Crash on iPhone 5,defect_fixed_or_obsolete,0.8,defect_current,0.19
220,issue,closed,completed,,enhancement|patched,2015-10-22,Access voipEnabled property,feature_request,0.96,defect_fixed_or_obsolete,0.03
221,issue,closed,completed,,enhancement,2015-10-22,tvOS support,build_packaging_env,0.71,feature_request,0.26
222,pr,closed,,yes,,2015-10-23,Added target and scheme for tvOS,pr_non_functional,0.54,build_packaging_env,0.46
223,issue,closed,completed,,,2015-10-23,Unable to connect and provide Array in Objective-C,support_question,0.99,defect_fixed_or_obsolete,0.01
224,issue,closed,completed,,,2015-10-23,delegate NSURLSession,support_question,0.92,defect_current,0.05
225,issue,closed,completed,,,2015-10-23,NSData in JSON,support_question,0.68,defect_fixed_or_obsolete,0.16
226,issue,closed,completed,,,2015-10-25,Is joining a room supported?,support_question,0.9,feature_request,0.1
227,pr,closed,,yes,,2015-10-31,Supporting tvOS for Cocoapods,build_packaging_env,0.65,pr_non_functional,0.35
228,issue,closed,completed,,,2015-11-01,Crash in processRawMessage,defect_fixed_or_obsolete,0.59,defect_current,0.29
229,issue,closed,completed,,bug|patched,2015-11-02,Secure connections require options to be non-nil,defect_current,0.52,defect_fixed_or_obsolete,0.47
230,issue,closed,completed,,enhancement|patched,2015-11-04,Logger instance,defect_fixed_or_obsolete,0.75,feature_request,0.21
231,issue,closed,completed,,unconfirmed,2015-11-09,Socket io client can't emit sometimes,defect_current,0.82,insufficient_evidence,0.1
232,issue,closed,completed,,unconfirmed,2015-11-10,Create and Connect many sockets crashes/hangs,defect_current,0.67,defect_fixed_or_obsolete,0.27
233,issue,closed,completed,,bug|patched,2015-11-12,Memory leak when using from obj-c,defect_fixed_or_obsolete,0.58,defect_current,0.4
234,issue,closed,completed,,unconfirmed,2015-11-15,Secure?,support_question,0.74,defect_fixed_or_obsolete,0.26
235,issue,closed,completed,,unconfirmed,2015-11-16,Crashes on SocketEventHandler.executeCallback,defect_current,0.72,insufficient_evidence,0.27
236,issue,closed,completed,,,2015-11-18,Invalid namespace,support_question,0.67,defect_current,0.24
237,issue,closed,completed,,,2015-11-18,Session ID unknown when socket server is killed instead of disconnect event (socket servers and hproxy),support_question,0.75,defect_fixed_or_obsolete,0.24
238,issue,closed,completed,,,2015-11-18,Cannot connect when on an adhoc network,support_question,0.99,defect_fixed_or_obsolete,0.01
239,issue,closed,completed,,,2015-11-19,Compatibility problem with sails.js v0.11.x,support_question,0.95,defect_fixed_or_obsolete,0.04
240,issue,closed,completed,,,2015-11-23,Crash,duplicate_invalid_spam,0.72,defect_fixed_or_obsolete,0.19
241,issue,closed,completed,,unconfirmed,2015-11-23,UnsafePointer Crash,defect_current,0.52,defect_fixed_or_obsolete,0.35
242,issue,closed,completed,,,2015-11-23,Crash WebSocket.(processResponse in,duplicate_invalid_spam,0.64,defect_current,0.22
243,issue,closed,completed,,,2015-11-24,"iPhone 5 - dataLength = bytes[0].bigEndian EXC_BAD_ACCESS (code=EXC_ARM_DA_ALIGN, address=0x1762220a)",build_packaging_env,0.53,defect_fixed_or_obsolete,0.29
244,issue,closed,completed,,unconfirmed,2015-11-26,"""The request timed out.""",support_question,1,feature_request,0
245,issue,closed,completed,,,2015-12-01,SocketEngine message parser problem,defect_current,0.84,defect_fixed_or_obsolete,0.1
246,issue,closed,completed,,enhancement,2015-12-01,ForceNew option for client,feature_request,0.97,defect_current,0.03
247,issue,closed,completed,,,2015-12-02,emit with NSDictionary,support_question,1,feature_request,0
248,pr,closed,,yes,,2015-12-02,Engine refactoring,pr_functional,0.78,insufficient_evidence,0.22
249,issue,open,,,enhancement|unconfirmed,2015-12-03,Linux Port,feature_request,0.95,build_packaging_env,0.05
250,pr,closed,,yes,,2015-12-04,Off with id,pr_functional,0.95,insufficient_evidence,0.03
251,issue,closed,completed,,,2015-12-07,Swift Compiler Error 'Segmentation fault 11' when creating custom SocketLogger,support_question,0.79,build_packaging_env,0.1
252,issue,closed,completed,,,2015-12-08,ignores connectParams in obj-c project,support_question,0.66,defect_fixed_or_obsolete,0.32
253,issue,closed,completed,,,2015-12-08,Is there a  Object-C  library??,feature_request,0.9,support_question,0.08
254,issue,closed,completed,,,2015-12-09,"""Swift is not supported for static libraries.""",build_packaging_env,0.77,support_question,0.22
255,pr,closed,,yes,,2015-12-10,Explicitly setting deployment target for to watchOS 2.0 and tvOS 9.0,pr_non_functional,0.87,build_packaging_env,0.11
256,issue,closed,completed,,,2015-12-11,#218 WebSocket.swift line 632 WebSocket.(processResponse in _02D691C80E51B897C380608DCFC8AEE6)(WebSocket.WSResponse) -> Bool 4,defect_current,0.54,defect_fixed_or_obsolete,0.37
257,issue,closed,completed,,,2015-12-11,WebSocket.swift line 0 protocol witness for RawRepresentable.rawValue.getter in conformance WebSocket.OpCode,defect_fixed_or_obsolete,0.47000000000000003,defect_current,0.44
258,issue,closed,completed,,,2015-12-11,WebSocket.swift line 631 WebSocket.(processResponse in _02D691C80E51B897C380608DCFC8AEE6)(WebSocket.WSResponse) -> Bool,defect_current,0.55,defect_fixed_or_obsolete,0.33
259,issue,closed,completed,,,2015-12-11,"WebSocket.swift line 0 @nonobjc NSString.init(data : NSData, encoding : UInt) -> NSString?",defect_current,0.49,defect_fixed_or_obsolete,0.37
260,issue,closed,completed,,,2015-12-11,"WebSocket.swift line 413 WebSocket.(processRawMessage in _02D691C80E51B897C380608DCFC8AEE6)(UnsafePointer<UInt8>, bufferLen : Int) -> ()",defect_current,0.6,defect_fixed_or_obsolete,0.31
261,issue,closed,completed,,,2015-12-11,WebSocket.swift line 625 WebSocket.(processResponse in _02D691C80E51B897C380608DCFC8AEE6)(WebSocket.WSResponse) -> Bool,defect_current,0.49,defect_fixed_or_obsolete,0.39
262,pr,closed,,no,,2015-12-11,Avoid doing unaligned reads/writes via UnsafePointer,pr_functional,0.46,defect_current,0.42
263,issue,closed,completed,,,2015-12-14,Socket.Io server connected status check in ios,support_question,1,feature_request,0
264,issue,closed,completed,,,2015-12-16,cant compile the project with the current sdk.,build_packaging_env,0.95,defect_fixed_or_obsolete,0.03
265,pr,closed,,no,,2015-12-22,"Change product names to ""Socket_IO_Client_Swift"" to work with Carthage",build_packaging_env,0.67,pr_non_functional,0.3
266,issue,closed,completed,,,2015-12-23,On the IOS 8.3 cannot be used(Objective-C ),build_packaging_env,0.65,support_question,0.18
267,issue,closed,completed,,,2015-12-23,Framework lacks callback for emit.,support_question,0.71,feature_request,0.19
268,issue,closed,completed,,,2015-12-25,Can not connect to nameSpace,support_question,0.85,defect_current,0.11
269,issue,closed,completed,,question,2015-12-26,Namespaces don't appear to be supported,support_question,1,defect_current,0
270,issue,closed,completed,,question,2015-12-27,emit an array from iOS -> node server receives only the first object,support_question,0.8,docs_gap,0.14
271,issue,closed,completed,,enhancement|patched,2015-12-27,"Updating connection opts on a existing connection, before reconnecting.",feature_request,0.74,defect_fixed_or_obsolete,0.24
272,issue,closed,completed,,question,2016-01-05,watchOS Support?,feature_request,0.76,support_question,0.24
273,pr,closed,,no,,2016-01-08,fixing carthage update,build_packaging_env,0.78,pr_non_functional,0.21
274,issue,closed,completed,,,2016-01-08,Socket Connection Not working with distributed build,support_question,0.67,defect_fixed_or_obsolete,0.28
275,issue,closed,completed,,question,2016-01-11,Determine whether or not a socket is currently connected,support_question,1,defect_current,0
276,issue,closed,completed,,,2016-01-13,is this a leak problem?,defect_fixed_or_obsolete,1,defect_current,0
277,pr,closed,,yes,,2016-01-14,add new method engineDidOpen in socketEngineClient protocol,pr_functional,0.98,feature_request,0.02
278,pr,closed,,yes,,2016-01-14,Standardize module name,build_packaging_env,0.71,pr_non_functional,0.15
279,issue,closed,completed,,bug,2016-01-15,Reconnect cannot reconnect because already connected,defect_current,0.83,defect_fixed_or_obsolete,0.1
280,pr,closed,,yes,,2016-01-15,Engine protocol refactoring,pr_functional,0.96,pr_non_functional,0.02
281,issue,closed,completed,,,2016-01-18,Can I use for WAMP (WebSocket subprotocol),support_question,0.78,feature_request,0.22
282,issue,closed,completed,,,2016-01-19,Import Issue on Obj-C with Cocoapod,build_packaging_env,0.92,defect_fixed_or_obsolete,0.04
283,issue,closed,completed,,bug|patched,2016-01-20,Crashes on deinit since 5.2.0,defect_fixed_or_obsolete,0.81,defect_current,0.19
284,issue,closed,completed,,,2016-01-21,Broadcast Didn't working,support_question,0.97,feature_request,0.03
285,issue,closed,completed,,question,2016-01-21,Using Socket.IO Client framework within an Obj-C static library,build_packaging_env,0.59,support_question,0.4
286,issue,closed,completed,,unconfirmed,2016-01-22,App crash V.5.2.3,defect_fixed_or_obsolete,0.57,support_question,0.2
287,issue,closed,completed,,question,2016-01-22,Version Stability - Sockets,support_question,1,defect_current,0
288,issue,closed,completed,,bug|enhancement|patched,2016-01-25,"When passing in a valid URL, init adds extra ""/"".",defect_fixed_or_obsolete,0.97,defect_current,0.03
289,pr,closed,,yes,,2016-01-25,Nsurl based,pr_functional,0.78,insufficient_evidence,0.19
290,issue,closed,completed,,unconfirmed,2016-01-26,Socket is being closed automatically when opening it just after closing the old one,defect_current,0.45,support_question,0.41
291,issue,closed,completed,,question,2016-01-27,"SocketEngine: Got message: {""statusCode"":404,""error"":""Not Found""}",support_question,0.99,defect_fixed_or_obsolete,0.01
292,issue,closed,completed,,unconfirmed,2016-01-27,Its the client able to have multiple socket connections?,support_question,0.74,defect_fixed_or_obsolete,0.26
293,issue,closed,completed,,question,2016-01-28,connectParams Objective-C,support_question,0.92,defect_fixed_or_obsolete,0.08
294,issue,closed,completed,,unconfirmed,2016-01-30,Sending NSData succeed on iPhone 5 but failed on iPhone 6 and above,support_question,0.61,defect_fixed_or_obsolete,0.25
295,issue,closed,completed,,question,2016-01-31,How to enable ssl? (question),support_question,0.99,defect_fixed_or_obsolete,0.01
296,issue,closed,completed,,,2016-02-02,"I need to emit NSDictionary by use Objective-C, how could I do?",support_question,0.99,docs_gap,0.01
297,issue,closed,completed,,,2016-02-03,Trailing slash in path,defect_current,0.6,defect_fixed_or_obsolete,0.27
298,issue,closed,completed,,,2016-02-03,how to use push notifications in swift,support_question,0.7,duplicate_invalid_spam,0.29
299,issue,closed,completed,,,2016-02-04,can i use socket with push notifications ??,support_question,0.97,duplicate_invalid_spam,0.02
300,issue,closed,completed,,unconfirmed,2016-02-04,Reconnecting gets called a lot.,defect_current,0.71,insufficient_evidence,0.22
301,issue,closed,completed,,,2016-02-04,Unknown Crash,defect_current,0.53,insufficient_evidence,0.27
302,issue,closed,completed,,,2016-02-04,swift_unknownRetainUnowned crash on failed websocket connection,defect_fixed_or_obsolete,0.99,defect_current,0.01
303,issue,closed,completed,,bug|patched,2016-02-05,fatal error: This should never happen,defect_fixed_or_obsolete,0.92,defect_current,0.06
304,issue,closed,completed,,,2016-02-06,Connection,insufficient_evidence,0.93,duplicate_invalid_spam,0.07
305,issue,closed,completed,,question,2016-02-08,"@""connect"" event never arrive but client seems connected",support_question,0.89,defect_fixed_or_obsolete,0.11
306,issue,closed,completed,,unconfirmed,2016-02-10,Socket crash on production,defect_current,0.6,defect_fixed_or_obsolete,0.34
307,issue,open,,,enhancement,2016-02-13,Need to read cookie from response headers,feature_request,1,defect_fixed_or_obsolete,0
308,issue,closed,completed,,enhancement|patched,2016-02-15,App crashed on iOS9 while reading utf8 data,defect_fixed_or_obsolete,0.99,feature_request,0.01
309,issue,closed,completed,,question,2016-02-18,how can i get timeout event,support_question,0.99,feature_request,0.01
310,issue,closed,completed,,,2016-02-18,[Bug] Version 5.4.x,duplicate_invalid_spam,0.53,defect_fixed_or_obsolete,0.26
311,issue,closed,completed,,bug|unconfirmed,2016-02-18,Strange bug (version 5.4.1),defect_fixed_or_obsolete,0.5,defect_current,0.39
312,issue,closed,completed,,,2016-02-18,'unhandled socket.io url' from server side.,defect_fixed_or_obsolete,0.59,support_question,0.41
313,issue,closed,completed,,question,2016-02-19,how to get event's name and event's data from SocketPacket object returned from parseData()?,support_question,0.97,defect_fixed_or_obsolete,0.03
314,issue,closed,completed,,question,2016-02-20,retrieve messages back from server to swift app,support_question,0.98,defect_current,0.01
315,issue,closed,completed,,question,2016-02-22,where is object-c version?,support_question,0.96,docs_gap,0.03
316,issue,closed,completed,,unconfirmed,2016-02-24,Crash when receive Chinese message,insufficient_evidence,0.77,defect_current,0.21
317,pr,closed,,yes,,2016-02-26,fix timeoutAfter handler always close connection,defect_fixed_or_obsolete,0.55,pr_functional,0.44
318,issue,closed,completed,,,2016-02-26,WebSocket connection drops right away,support_question,0.95,defect_fixed_or_obsolete,0.03
319,issue,closed,completed,,,2016-02-29,How can I identify client has send ping/pong to node server,support_question,0.97,defect_current,0.01
320,issue,closed,completed,,,2016-03-04,Weird crashes,defect_fixed_or_obsolete,0.72,defect_current,0.21
321,issue,closed,completed,,,2016-03-10,"""The request timed out"" when I try connect to my host",support_question,1,defect_current,0
322,issue,closed,completed,,,2016-03-14,How to send message to individual using this socket.io is Swift,support_question,0.99,feature_request,0.01
323,issue,closed,completed,,,2016-03-14,Socket stuck in connecting after airplane mode,defect_fixed_or_obsolete,0.98,defect_current,0.01
324,issue,closed,completed,,,2016-03-15,Memory Leak,defect_fixed_or_obsolete,0.52,support_question,0.4
325,issue,closed,completed,,,2016-03-15,absoluteString crash,defect_current,0.54,defect_fixed_or_obsolete,0.36
326,issue,closed,completed,,,2016-03-17,Self Signed Cert,support_question,0.99,defect_fixed_or_obsolete,0.01
327,issue,closed,completed,,,2016-03-19,Sending Images,support_question,0.99,defect_fixed_or_obsolete,0.01
328,issue,closed,completed,,,2016-03-19,Socket.io version mismatch,support_question,0.56,defect_fixed_or_obsolete,0.39
329,issue,closed,completed,,,2016-03-22,A lot of warning when using xcode 7.3 to build,defect_fixed_or_obsolete,0.58,build_packaging_env,0.4
330,pr,closed,,yes,,2016-03-22,Development,pr_functional,0.59,insufficient_evidence,0.37
331,issue,closed,completed,,,2016-03-22,Can't build fresh install from cocoapods,build_packaging_env,0.79,defect_fixed_or_obsolete,0.21
332,issue,closed,completed,,,2016-03-24,"Why always themselves disconnected with the server, and will not be automatic reconnection",support_question,0.67,defect_current,0.21
333,issue,closed,completed,,,2016-03-25,app crashing on the production,insufficient_evidence,0.5,defect_current,0.45
334,issue,closed,completed,,,2016-03-25,Sending cookie,support_question,0.94,defect_fixed_or_obsolete,0.05
335,pr,closed,,yes,,2016-03-25,actual fix for carthage,build_packaging_env,0.89,pr_non_functional,0.1
336,issue,closed,completed,,,2016-03-28,Is there any way where we can Observer (KVO) the status property of SocketIOClient ?,feature_request,0.93,support_question,0.07
337,issue,closed,completed,,question,2016-03-29,Where/How can i get status/callback of successfully connected to server ?,support_question,1,feature_request,0
338,issue,closed,completed,,,2016-03-31,ChatViewController / Socket - Frezee UI - Swift,support_question,0.9,defect_fixed_or_obsolete,0.06
339,issue,closed,completed,,,2016-04-01,打包framework不兼容7.2.1版本xcode,build_packaging_env,0.84,duplicate_invalid_spam,0.09
340,issue,closed,completed,,,2016-04-04,Lock iphone disconnect socket and automatic reconnect,support_question,0.98,feature_request,0.01
341,issue,closed,completed,,,2016-04-04,Event handler called multiple times - Socket.io swift,support_question,0.71,defect_current,0.19
342,issue,closed,completed,,,2016-04-04,SocketEngine.swift #selector error,build_packaging_env,0.7,defect_fixed_or_obsolete,0.29
343,pr,closed,,no,,2016-04-10,Websocket compression [DONT MERGE],pr_functional,0.96,feature_request,0.04
344,pr,closed,,yes,,2016-04-11,Development,insufficient_evidence,0.58,pr_non_functional,0.27
345,issue,closed,completed,,,2016-04-12,No error message whatsoever when connecting socket to a server.,support_question,0.95,defect_current,0.03
346,issue,closed,completed,,,2016-04-13,"can't send emit to server, but already connected (obj-c)",support_question,1,feature_request,0
347,issue,closed,completed,,,2016-04-14,Issue with SocketURL,support_question,0.85,defect_fixed_or_obsolete,0.08
348,issue,closed,completed,,,2016-04-14,how to use SSLSecurity?,support_question,1,feature_request,0
349,pr,closed,,no,,2016-04-14,How to know how many events i have registered?,feature_request,0.81,pr_non_functional,0.16
350,issue,closed,completed,,unconfirmed,2016-04-19,EmitWithAct not working with completion handler,support_question,0.99,defect_current,0.01
351,issue,closed,completed,,,2016-04-19,Website still points to old 3rd party project,docs_gap,0.81,duplicate_invalid_spam,0.09
352,issue,closed,completed,,question,2016-04-21,Does this library support compression??,support_question,0.8,feature_request,0.2
353,issue,closed,completed,,,2016-04-22,How do I know if socket connection dropped,support_question,0.88,feature_request,0.09
354,issue,closed,completed,,,2016-04-24,Why i can not connect to sever by SocketIOClient?,support_question,1,feature_request,0
355,issue,closed,completed,,,2016-04-26,SocketEnginePollable Crash Sometimes,defect_current,0.51,defect_fixed_or_obsolete,0.34
356,issue,open,,,bug|unconfirmed,2016-04-26,SocketEnginePollable Crash Sometimes,defect_current,0.98,duplicate_invalid_spam,0.01
357,issue,closed,completed,,invalid|question,2016-04-27,SocketParser.swift won't compile on Xcode 7.3,support_question,0.44,build_packaging_env,0.33
358,issue,closed,completed,,patched,2016-04-29,Always disconnected automatically,support_question,0.57,defect_fixed_or_obsolete,0.25
359,issue,closed,completed,,,2016-04-29,Weird issue while emitting and receiving data from socket swift to socket js.,support_question,0.98,defect_current,0.01
360,issue,closed,completed,,,2016-05-04,Why socket event “new message” calling multiple times ?,support_question,0.98,defect_fixed_or_obsolete,0.02
361,pr,closed,,yes,,2016-05-04,Fixing url encoding for connect params,defect_fixed_or_obsolete,0.65,pr_functional,0.34
362,pr,closed,,yes,,2016-05-04,Development,insufficient_evidence,0.49,pr_functional,0.43
363,pr,closed,,yes,,2016-05-04,Adding test case for issue #361,pr_non_functional,0.94,duplicate_invalid_spam,0.05
364,issue,closed,completed,,,2016-05-05,Attempted to create a task in a session that has been invalidated,duplicate_invalid_spam,0.97,defect_current,0.02
365,issue,closed,completed,,enhancement,2016-05-06,Socket keep on trying to connect and always fails,defect_current,0.6,defect_fixed_or_obsolete,0.2
366,issue,closed,completed,,question,2016-05-11,"What does ""currentAmount"" mean",support_question,1,insufficient_evidence,0
367,issue,closed,completed,,bug|unconfirmed,2016-05-12,Escape issue,defect_current,0.74,insufficient_evidence,0.21
368,issue,closed,completed,,,2016-05-17,socket not connecting to the server,support_question,0.92,insufficient_evidence,0.07
369,issue,closed,completed,,question,2016-05-18,socket.io and engine.io,support_question,0.97,feature_request,0.03
370,issue,closed,completed,,,2016-05-18,how to add session or other parameter during my connecting ???,support_question,1,pr_functional,0
371,issue,closed,completed,,,2016-05-19,VoIP socket getting disconnected in background.,support_question,0.99,defect_fixed_or_obsolete,0.01
372,pr,closed,,yes,,2016-05-23,Fix crash if error contains formatting strings.,defect_fixed_or_obsolete,0.4,pr_functional,0.32
373,pr,closed,,yes,,2016-05-24,Development,pr_functional,0.49,insufficient_evidence,0.42
374,issue,closed,completed,,bug|patched,2016-05-26,Error:Session ID unknown???,defect_fixed_or_obsolete,0.52,defect_current,0.43
375,issue,closed,completed,,,2016-05-26,how to remove a particular listener?,support_question,1,duplicate_invalid_spam,0
376,issue,closed,completed,,,2016-05-27,How to set a custom URL,support_question,0.99,duplicate_invalid_spam,0.01
377,issue,closed,completed,,,2016-05-27,connect to a web socket after getting a cookie,support_question,0.98,duplicate_invalid_spam,0.02
378,issue,closed,completed,,question,2016-05-28,How to force stop to reconnect loop?,support_question,0.95,defect_fixed_or_obsolete,0.03
379,issue,closed,completed,,,2016-05-30,Handling event error,support_question,0.99,defect_fixed_or_obsolete,0.01
380,pr,closed,,no,,2016-05-31,Add Proxy support for websocket,pr_functional,0.75,duplicate_invalid_spam,0.16
381,issue,closed,completed,,,2016-05-31,How do i send authorization headers?,support_question,1,insufficient_evidence,0
382,issue,closed,completed,,,2016-05-31,Anyone have any experience on how to emit the token from IOS/swift to server ?,support_question,0.99,defect_fixed_or_obsolete,0.01
383,issue,closed,completed,,unconfirmed,2016-06-01,Crash on All devices running iOS 7.x,defect_fixed_or_obsolete,0.71,defect_current,0.26
384,issue,closed,completed,,,2016-06-03,https self signed connect problem,support_question,0.99,defect_current,0.01
385,issue,open,,,unconfirmed,2016-06-04,Sometimes emit method is not working on connect,defect_current,0.99,insufficient_evidence,0.01
386,issue,closed,completed,,question,2016-06-05,Where exactly should i establish a connection to make the connection persist?,support_question,1,defect_fixed_or_obsolete,0
387,issue,closed,completed,,,2016-06-05,socket.on does not listen to the event,support_question,0.85,defect_fixed_or_obsolete,0.05
388,issue,closed,completed,,unconfirmed,2016-06-06,Getting event for Google-site-verification,support_question,0.96,duplicate_invalid_spam,0.02
389,issue,closed,completed,,question,2016-06-08,Use of base64,support_question,1,defect_fixed_or_obsolete,0
390,issue,closed,completed,,,2016-06-09,Can't find about disconnection or heartbeat,support_question,0.76,feature_request,0.14
391,issue,closed,completed,,question,2016-06-11,"Socket.on doest work , but emit does",support_question,0.94,defect_fixed_or_obsolete,0.03
392,issue,open,,,unconfirmed,2016-06-13,Socket always disconnects,support_question,0.9,defect_current,0.07
393,issue,closed,completed,,question,2016-06-13,Using socket.io-client-swift in an Objective-C framework.,support_question,0.53,build_packaging_env,0.47
394,issue,closed,completed,,,2016-06-14,IPv6-only network Support,defect_fixed_or_obsolete,0.49,support_question,0.39
395,issue,closed,completed,,enhancement|patched,2016-06-14,sessionDelegate parameter has no effect,defect_fixed_or_obsolete,0.61,defect_current,0.28
396,issue,closed,completed,,question,2016-06-14,Any plans to upgrade the code to Swift 3?,defect_fixed_or_obsolete,0.42,support_question,0.32
397,pr,closed,,no,,2016-06-16,Updated code to support Swift 2.3,build_packaging_env,0.44,defect_fixed_or_obsolete,0.35
398,pr,closed,,yes,,2016-06-16,Updated code to support Swift 2.3,defect_fixed_or_obsolete,0.65,build_packaging_env,0.19
399,pr,closed,,yes,,2016-06-17,Development,pr_functional,0.49,insufficient_evidence,0.46
400,issue,closed,completed,,,2016-06-18,How get connection parameters in server?,support_question,0.99,defect_fixed_or_obsolete,0.01
401,issue,closed,completed,,unconfirmed,2016-06-20,SSL Error using Swift 3 branch,defect_fixed_or_obsolete,0.62,support_question,0.28
402,issue,closed,completed,,wontfix|unconfirmed,2016-06-21,socket crash when network goes off or tries to reconnect,defect_current,0.7,defect_fixed_or_obsolete,0.27
403,issue,open,,,unconfirmed,2016-06-22,Network connection was lost,support_question,0.52,defect_current,0.38
404,issue,closed,completed,,unconfirmed,2016-06-23,ERROR SocketEnginePolling: Tried to do polling request when not supposed to,support_question,0.64,defect_current,0.16
405,issue,closed,completed,,,2016-06-23,ERROR SocketEnginePolling: Tried to do polling request when not supposed to,support_question,0.87,defect_fixed_or_obsolete,0.09
406,issue,closed,completed,,,2016-06-24,Unable to Trigger an Automatic Reconnection Attempt in v.6.1.3,defect_fixed_or_obsolete,1,pr_functional,0
407,issue,closed,completed,,,2016-06-24,"disconnect, reconnect and reconnectAttempt don't fired.",defect_fixed_or_obsolete,0.99,defect_current,0.01
408,pr,closed,,yes,,2016-06-24,Development,pr_functional,0.58,insufficient_evidence,0.29
409,issue,closed,completed,,unconfirmed,2016-06-24,Connection takes up to a minute,defect_fixed_or_obsolete,0.66,support_question,0.15
410,issue,closed,completed,,unconfirmed,2016-06-24,Error while during linking.,build_packaging_env,0.92,defect_fixed_or_obsolete,0.07
411,issue,open,,,unconfirmed,2016-06-28,"After websocket disconnected, it still call a method named error",defect_current,0.8,support_question,0.1
412,issue,closed,completed,,,2016-06-29,"I connected and joined room and also get history messages, but i cannot get  new message instantly",support_question,0.86,insufficient_evidence,0.1
413,issue,closed,completed,,unconfirmed,2016-06-30,SSL + base64 = wrong base64 received by server,defect_current,0.52,defect_fixed_or_obsolete,0.34
414,issue,closed,completed,,,2016-06-30,how to sendPing by SocketIOClient?,support_question,0.99,feature_request,0.01
415,issue,closed,completed,,unconfirmed,2016-07-04,crash on ios9+,defect_fixed_or_obsolete,0.65,defect_current,0.27
416,issue,closed,completed,,,2016-07-04,Using ack with swift,support_question,0.95,defect_fixed_or_obsolete,0.04
417,issue,closed,completed,,,2016-07-05,Private events not received.,support_question,0.92,defect_current,0.04
418,pr,closed,,no,,2016-07-07,Upgraded to Swift 3.0,pr_functional,0.4,build_packaging_env,0.24
419,issue,closed,completed,,enhancement|wontfix,2016-07-08,Allow to specify a custom subclass of WebSocket,feature_request,0.97,defect_fixed_or_obsolete,0.03
420,issue,closed,completed,,,2016-07-08,Wrapping error when importing socketIO into Objective-C project,build_packaging_env,0.89,defect_fixed_or_obsolete,0.08
421,issue,open,,,bug|enhancement|on hold,2016-07-13,WebSocket doesn't connect through proxy,defect_current,0.54,defect_fixed_or_obsolete,0.23
422,pr,closed,,yes,,2016-07-13,Enable APPLICATION_EXTENSION_API_ONLY,pr_non_functional,0.52,build_packaging_env,0.47
423,issue,closed,completed,,,2016-07-14,Hello! Can I use this library for Stomp ?,support_question,0.96,feature_request,0.02
424,issue,closed,completed,,,2016-07-15,`path` option not working.,support_question,0.94,defect_fixed_or_obsolete,0.05
425,issue,closed,completed,,unconfirmed,2016-07-15,"""Got unknown error from server Welcome to socket.io.""",support_question,0.95,defect_fixed_or_obsolete,0.03
426,issue,closed,completed,,,2016-07-18,"Regular crashes in func stream(aStream: NSStream, handleEvent eventCode: NSStreamEvent)",defect_fixed_or_obsolete,0.65,defect_current,0.31
427,pr,closed,,yes,,2016-07-20,Xcode 8 Beta 3,build_packaging_env,0.8,pr_non_functional,0.14
428,issue,closed,completed,,invalid,2016-07-20,"I added socket.io-client-swift in oc project, import the Source folder after being given webscoketdemo-swift.h: 197: 12: Type argument 'SecKeyRef' (aka 'struct __SecKey *') is neither an Objective-C object nor a block type, how to solve?",duplicate_invalid_spam,0.88,build_packaging_env,0.1
429,issue,closed,completed,,unconfirmed,2016-07-20,Not cloning socket.io-client-swift,build_packaging_env,0.87,defect_fixed_or_obsolete,0.12
430,issue,closed,completed,,,2016-07-20,Compiler errors in xcode beta 3,defect_fixed_or_obsolete,0.49,build_packaging_env,0.49
431,issue,closed,completed,,invalid,2016-07-21,closeConnection Socket.io related problem!,duplicate_invalid_spam,0.69,insufficient_evidence,0.09
432,issue,closed,completed,,,2016-07-22,Xcode 8 and carthage - fails to build,build_packaging_env,0.74,defect_fixed_or_obsolete,0.26
433,issue,closed,completed,,invalid,2016-07-22,Keep socket connection alive when iphone is on lock screen (UIApplicationStateInactive).,support_question,0.73,duplicate_invalid_spam,0.18
434,issue,closed,completed,,,2016-07-22,I just pulled the latest code and I'm now getting compilation errors,defect_fixed_or_obsolete,0.59,build_packaging_env,0.36
435,issue,closed,completed,,,2016-07-24,No code signature found,build_packaging_env,0.91,support_question,0.08
436,pr,closed,,yes,,2016-07-25,Development,build_packaging_env,0.36,defect_fixed_or_obsolete,0.31
437,issue,closed,completed,,in progress,2016-07-27,xcode 8 errors,build_packaging_env,0.76,defect_fixed_or_obsolete,0.23
438,pr,closed,,yes,,2016-07-28,Fix errors with force unwrapping optionals,defect_fixed_or_obsolete,0.8,build_packaging_env,0.13
439,issue,closed,completed,,question,2016-07-28,Client is stuck on 'Connecting' status,support_question,0.93,defect_fixed_or_obsolete,0.04
440,issue,closed,completed,,,2016-07-31,Cannot get it working with SSL,support_question,0.97,defect_current,0.02
441,issue,closed,completed,,,2016-08-01,plz help~ issue: always assertions socket try close a not connect client,support_question,0.96,defect_current,0.03
442,issue,open,,,bug|unconfirmed,2016-08-03,Reconnect Events stop firing once the socket is disconnected and connected again.,defect_current,0.91,support_question,0.08
443,pr,closed,,no,,2016-08-05,Now working with Carthage and XCode 8 beta 4,build_packaging_env,0.81,defect_fixed_or_obsolete,0.11
444,issue,closed,completed,,,2016-08-05,(SIGTRAP) TRAP_BRKPT,defect_current,0.71,defect_fixed_or_obsolete,0.22
445,issue,closed,completed,,,2016-08-08,SSL pinning not working for me,support_question,0.95,defect_current,0.05
446,issue,closed,completed,,,2016-08-08,SEGV_MAPERR: App crashes,defect_current,0.68,defect_fixed_or_obsolete,0.27
447,issue,closed,completed,,bug|patched,2016-08-08,swift3-branch: issue with extension method redeclaration,defect_fixed_or_obsolete,0.8,build_packaging_env,0.18
448,issue,closed,completed,,,2016-08-09,App crashes when I receive huge data from server,defect_current,0.71,defect_fixed_or_obsolete,0.27
449,issue,closed,completed,,question,2016-08-10,Forcing websockets.,support_question,1,defect_fixed_or_obsolete,0
450,issue,closed,completed,,,2016-08-10,Single swift client creates excessive sockets on server in bad network.,support_question,0.66,defect_current,0.3
451,issue,closed,completed,,,2016-08-11,"socket on:@""connect"" this function  In some cases may not work",support_question,0.92,defect_fixed_or_obsolete,0.08
452,issue,closed,completed,,,2016-08-11,"Re-using socket after seeing NSPOSIXErrorDomain, code: 57.",defect_current,0.69,defect_fixed_or_obsolete,0.18
453,issue,closed,completed,,,2016-08-12,"If the socket connection is broken , the method in which it can be reconnected ?",support_question,0.99,insufficient_evidence,0.01
454,pr,closed,,no,,2016-08-14,swift compile time optimizations,build_packaging_env,0.68,pr_non_functional,0.21
455,pr,closed,,yes,,2016-08-15,Fixing inconsistent module names across iOS & tvOS,build_packaging_env,0.77,pr_non_functional,0.21
456,issue,closed,completed,,question,2016-08-15,"I can't receive @""disconnect"" event.",support_question,0.99,defect_fixed_or_obsolete,0.01
457,issue,closed,completed,,,2016-08-18,Why I can't use SSLSecurity successfully?,support_question,1,pr_non_functional,0
458,issue,closed,completed,,question,2016-08-18,Socket emit is not working,support_question,1,pr_non_functional,0
459,issue,closed,completed,,,2016-08-20,"Event ""connect"" not fires",support_question,0.9400000000000001,defect_fixed_or_obsolete,0.06
460,issue,closed,completed,,,2016-08-20,Crash EXC_BAD_ACCESS KERN_INVALID_ADDRESS,defect_current,0.65,defect_fixed_or_obsolete,0.32
461,issue,closed,completed,,,2016-08-20,CoreFoundation crash EXC_BAD_ACCESS KERN_INVALID_ADDRESS,defect_current,0.54,insufficient_evidence,0.35
462,issue,closed,completed,,,2016-08-20,Swift 3 branch not compiling,build_packaging_env,0.68,defect_fixed_or_obsolete,0.31
463,issue,closed,completed,,,2016-08-22,Crash in SocketEngineSpec and SocketEngine,defect_fixed_or_obsolete,0.74,defect_current,0.2
464,issue,closed,completed,,,2016-08-23,Error when using @import SocketIOClientSwift;,build_packaging_env,0.91,defect_fixed_or_obsolete,0.08
465,issue,open,,,,2016-08-23,Engine URLSession became invalid,defect_current,0.55,support_question,0.44
466,pr,closed,,yes,,2016-08-23,Switch to using Any instead of AnyObject,pr_functional,0.67,pr_non_functional,0.22
467,issue,closed,completed,,question,2016-08-24,Pattern for repeat emit?,support_question,1,pr_non_functional,0
468,issue,closed,completed,,question,2016-08-26,Power consumption implications.,support_question,1,pr_non_functional,0
469,issue,closed,completed,,,2016-08-27,this can emit Images to server side?,support_question,0.99,feature_request,0.01
470,issue,closed,completed,,enhancement|done,2016-08-27,Possibility to reconnect with a different URL,feature_request,0.99,defect_fixed_or_obsolete,0.01
471,issue,closed,completed,,,2016-08-27,Examples on how to use binary from an iOS client to a Node.js server,support_question,0.79,docs_gap,0.21
472,issue,closed,completed,,bug|patched,2016-08-28,Disconnecting a socket does not stop reconnection attempts,defect_fixed_or_obsolete,0.8,defect_current,0.18
473,issue,closed,completed,,bug|patched,2016-08-29,Produces an error: open packet contained no sid,defect_fixed_or_obsolete,0.91,defect_current,0.09
474,issue,closed,completed,,,2016-08-29,Missing description under title,insufficient_evidence,0.73,duplicate_invalid_spam,0.24
475,issue,closed,completed,,bug|patched,2016-08-29,I can`t import .h at Objective-C project,build_packaging_env,0.68,defect_fixed_or_obsolete,0.32
476,issue,closed,completed,,,2016-08-29,Some Wrong about socket.io,support_question,0.92,defect_fixed_or_obsolete,0.07
477,issue,closed,completed,,,2016-08-31,Cross Platform Connection Issue,support_question,0.97,duplicate_invalid_spam,0.03
478,issue,closed,completed,,,2016-09-01,Strange crash everytime on iPhone 4S,defect_fixed_or_obsolete,0.51,defect_current,0.38
479,pr,closed,,yes,,2016-09-02,Modify mac version base mac os 10.9,pr_non_functional,0.75,build_packaging_env,0.25
480,issue,closed,completed,,,2016-09-02,Data is nil in the Client method (socket.on),support_question,0.89,defect_fixed_or_obsolete,0.08
481,issue,closed,completed,,question,2016-09-05,Does it support ipv6 ?,support_question,1,defect_current,0
482,issue,closed,completed,,,2016-09-07,"socketIO for Swift 3 seems to connect, but never gives connect event",defect_fixed_or_obsolete,0.6,defect_current,0.2
483,issue,closed,completed,,,2016-09-07,Not able to connect after updating to latest version.,insufficient_evidence,0.41000000000000003,defect_fixed_or_obsolete,0.28
484,pr,closed,,yes,,2016-09-07,Xcode 8 GM,build_packaging_env,0.63,pr_functional,0.25
485,issue,closed,completed,,,2016-09-08,Binary data received is being truncated.,defect_fixed_or_obsolete,0.85,defect_current,0.13
486,pr,closed,,yes,,2016-09-08,"Fix truncation of binary data, use range operator for clarity",defect_fixed_or_obsolete,0.73,pr_functional,0.25
487,issue,closed,completed,,,2016-09-08,swift3 branch compile errors,build_packaging_env,0.65,defect_fixed_or_obsolete,0.2
488,issue,closed,completed,,,2016-09-10,Send request body when connecting socket,feature_request,0.96,support_question,0.03
489,pr,closed,,no,,2016-09-11,Propagate websocket connected event to SocketIOClientStatus when forced websocket connection,pr_functional,0.51,defect_current,0.42
490,pr,closed,,yes,,2016-09-12,Swift2.3,build_packaging_env,0.47000000000000003,pr_non_functional,0.44
491,issue,closed,completed,,,2016-09-14,Double connect on the server,defect_current,0.74,insufficient_evidence,0.2
492,issue,closed,completed,,,2016-09-14,It can't work in the Xcode8 version.,build_packaging_env,0.95,defect_fixed_or_obsolete,0.04
493,issue,closed,completed,,,2016-09-14,SSLSecurity.swift error,defect_fixed_or_obsolete,0.6900000000000001,build_packaging_env,0.31
494,issue,closed,completed,,,2016-09-15,My App Objective-C (base) + swift code crash at launch in release mode.,build_packaging_env,0.52,insufficient_evidence,0.2
495,issue,closed,completed,,,2016-09-16,Detailed description on releases?,docs_gap,0.92,feature_request,0.05
496,issue,closed,completed,,,2016-09-16,Swift 3 Log levels seem to always be on,support_question,0.46,defect_fixed_or_obsolete,0.38
497,issue,closed,completed,,,2016-09-16,ERROR SocketIOClient: Got unknown error from server,support_question,0.74,defect_fixed_or_obsolete,0.19
498,issue,closed,completed,,,2016-09-17,"Cannot set sessionDelegate() to self, to handle self signed certificate",support_question,0.78,build_packaging_env,0.09
499,issue,closed,completed,,,2016-09-18,Is it support swift 3？,build_packaging_env,0.92,support_question,0.04
500,issue,closed,completed,,,2016-09-18,Is it support swift 3？,build_packaging_env,0.83,defect_fixed_or_obsolete,0.12
501,issue,closed,completed,,,2016-09-19,Sorry,duplicate_invalid_spam,0.79,insufficient_evidence,0.21
502,issue,closed,completed,,,2016-09-19,disconnect crashed at ios10,build_packaging_env,0.68,defect_fixed_or_obsolete,0.25
503,issue,closed,completed,,,2016-09-20,Declare configs on Swift 2.3,support_question,0.89,defect_fixed_or_obsolete,0.1
504,issue,closed,completed,,,2016-09-20,dyld: Library not loaded,build_packaging_env,0.95,defect_fixed_or_obsolete,0.04
505,issue,closed,completed,,,2016-09-20,8.0.1 crash,support_question,0.39999999999999997,defect_fixed_or_obsolete,0.25
506,issue,closed,completed,,,2016-09-20,Could not build Objective-C module 'SocketIO',build_packaging_env,0.84,defect_fixed_or_obsolete,0.11
507,issue,closed,completed,,,2016-09-20,Swift 3 SocketIO Connecting But Not Working with Python Flask Gevent Server,support_question,0.9,defect_fixed_or_obsolete,0.1
508,issue,closed,completed,,,2016-09-21,Could not build Objective-C module 'SocketIO',build_packaging_env,0.88,defect_fixed_or_obsolete,0.11
509,issue,closed,completed,,,2016-09-23,"Argument labels '(socketURL:, options:)' do not match any available overloads",support_question,0.83,defect_fixed_or_obsolete,0.13
510,issue,closed,completed,,,2016-09-23,SocketIOClient for Object-c couldn't init,support_question,0.73,build_packaging_env,0.11
511,issue,closed,completed,,,2016-09-23,Nested JSON objects received as NSString,defect_current,0.35000000000000003,defect_fixed_or_obsolete,0.3
512,issue,closed,completed,,,2016-09-24,ERROR SocketEngine: Engine URLSession became invalid,support_question,0.51,defect_fixed_or_obsolete,0.49
513,issue,closed,completed,,,2016-09-26,Cannot init Swift 3,build_packaging_env,0.77,defect_fixed_or_obsolete,0.12
514,issue,closed,completed,,,2016-09-27,Need to convert again after pod install,build_packaging_env,0.91,defect_fixed_or_obsolete,0.08
515,pr,closed,,no,,2016-09-27,Fix crash,defect_current,0.42,pr_functional,0.28
516,issue,closed,completed,,,2016-09-27,New crash,defect_fixed_or_obsolete,0.76,defect_current,0.23
517,issue,closed,completed,,,2016-09-27,How to cancel in-flight emitWithAck,feature_request,0.72,support_question,0.23
518,issue,closed,completed,,,2016-09-28,Build error on Xcode 8.1,build_packaging_env,0.96,defect_fixed_or_obsolete,0.04
519,issue,closed,completed,,,2016-09-28,can no longer override isvalid on SSLSecurity,feature_request,0.87,defect_fixed_or_obsolete,0.07
520,pr,closed,,no,,2016-09-28,Update SSLSecurity.swift,pr_functional,0.71,feature_request,0.28
521,issue,closed,completed,,bug,2016-09-29,Crash problem,defect_current,0.91,defect_fixed_or_obsolete,0.08
522,issue,closed,completed,,,2016-09-29,"Emit is not firing the event , No result . Log showing Got message: 3",support_question,0.97,defect_fixed_or_obsolete,0.02
523,pr,closed,,no,,2016-09-29,Fixed parameter names in documentation,pr_non_functional,0.86,docs_gap,0.13
524,pr,closed,,no,,2016-09-29,change sslsecurity and isvalid to open,pr_functional,0.54,feature_request,0.39
525,issue,closed,completed,,,2016-09-29,Secure Socket over mobile network,support_question,1,insufficient_evidence,0
526,issue,closed,completed,,,2016-09-30,Swift 3 Issues,build_packaging_env,0.88,defect_fixed_or_obsolete,0.1
527,issue,closed,completed,,,2016-10-03,bad access accessing sectrust in isvalid,defect_fixed_or_obsolete,0.89,defect_current,0.09
528,issue,closed,completed,,,2016-10-03,Swift2.3 can't use,build_packaging_env,0.52,defect_fixed_or_obsolete,0.47
529,issue,closed,completed,,,2016-10-04,Socket.emit,support_question,0.99,defect_fixed_or_obsolete,0.01
530,issue,closed,completed,,invalid,2016-10-05,Socket.io swift in Objective-C project not working,support_question,0.9,defect_fixed_or_obsolete,0.04
531,issue,open,,,in progress|unconfirmed,2016-10-05,Multiple data races found by Xcode Thread Sanitizer,defect_current,0.9,insufficient_evidence,0.07
532,issue,closed,completed,,,2016-10-05,"Error with data : [""Got unknown error from server Welcome to socket.io.""]",defect_fixed_or_obsolete,0.51,support_question,0.49
533,issue,closed,completed,,,2016-10-05,No visible @interface for SocketIOClient delcares emitWithAck:withItems,docs_gap,0.6,support_question,0.25
534,issue,closed,completed,,,2016-10-05,why not compatible with armv7. in Xcode 8 and,build_packaging_env,0.88,defect_fixed_or_obsolete,0.1
535,issue,closed,completed,,,2016-10-05,Module SocketIO not found,build_packaging_env,0.97,defect_fixed_or_obsolete,0.03
536,issue,closed,completed,,,2016-10-07,UnsafeMutablePointer.moveInitializeFrom with negative count,defect_current,0.52,defect_fixed_or_obsolete,0.26
537,issue,closed,completed,,,2016-10-08,No longer support iOS7?,support_question,0.52,defect_fixed_or_obsolete,0.35
538,issue,closed,completed,,,2016-10-10,SWIFT 3.0 VERSION ISSUES,defect_fixed_or_obsolete,0.51,build_packaging_env,0.45
539,issue,closed,completed,,,2016-10-12,Xcode 8 Errors,build_packaging_env,0.65,defect_fixed_or_obsolete,0.28
540,issue,closed,completed,,,2016-10-14,Q: WatchOS 3 support,feature_request,0.76,support_question,0.23
541,issue,closed,completed,,,2016-10-15,createRequestForPostWithPostWait causes a Crash,defect_fixed_or_obsolete,0.71,defect_current,0.29
542,issue,closed,completed,,,2016-10-18,crash on Xcode 8.1 beta 3,defect_fixed_or_obsolete,0.58,build_packaging_env,0.33
543,pr,closed,,no,,2016-10-18,fix Use Legacy Swift issue,build_packaging_env,0.64,pr_non_functional,0.32
544,pr,closed,,yes,,2016-10-18,fix Use Legacy Swift issue,build_packaging_env,0.61,pr_non_functional,0.32
545,issue,closed,completed,,,2016-10-19,"Objective C,auto Disconnect after first connect.",support_question,0.87,defect_current,0.06
546,issue,closed,completed,,,2016-10-20,Background Connect,support_question,0.94,feature_request,0.04
547,issue,closed,completed,,,2016-10-20,Crashes with Xcode 8,defect_fixed_or_obsolete,0.49,support_question,0.44
548,issue,closed,completed,,,2016-10-20,[Xcode 8] Cannot run Unit Tests after installation via Carthage,build_packaging_env,0.9400000000000001,defect_fixed_or_obsolete,0.06
549,issue,closed,completed,,,2016-10-21,Crash due to race condition in SocketEngine.createWebsocketAndConnect,defect_fixed_or_obsolete,0.53,defect_current,0.47
550,issue,closed,completed,,,2016-10-21,socket.io-client-swift optimize upload image speed,support_question,0.96,feature_request,0.04
551,issue,closed,completed,,question,2016-10-21,file upload in socket.io,support_question,1,pr_functional,0
552,issue,open,,,,2016-10-25,Crash on init because of sessionDelegate parameter,defect_current,0.65,support_question,0.25
553,issue,closed,completed,,,2016-10-25,Xcode 8 + Swift 2.3,build_packaging_env,0.51,defect_fixed_or_obsolete,0.42
554,issue,open,,,,2016-10-28,emitWithAck and timeout behavior,defect_current,0.8,support_question,0.19
555,issue,closed,completed,,,2016-10-28,Objective-C - emitWithAck:with:timeOutAfter:callback selector not available,docs_gap,0.75,defect_fixed_or_obsolete,0.15
556,issue,closed,completed,,,2016-10-28,Last iOS version Swift3 compatible not accessible via Cocoapods,defect_fixed_or_obsolete,0.81,build_packaging_env,0.19
557,pr,closed,,yes,,2016-10-28,add SocketAckEmitter.expected to indicate if an ack is expected by server,pr_functional,0.96,feature_request,0.04
558,issue,closed,completed,,,2016-10-28,clang: error: no such file or directory: 'NotificationCenter',build_packaging_env,0.93,insufficient_evidence,0.05
559,issue,closed,completed,,question,2016-10-30,Module 'SocketIO' not found,build_packaging_env,0.94,support_question,0.04
560,issue,closed,completed,,,2016-11-01,Crash at init on Xcode 8.1 with Swift 3.0.1,defect_fixed_or_obsolete,0.5700000000000001,build_packaging_env,0.42
561,issue,closed,completed,,,2016-11-02,"if write use_frameworks! in cocopods,the network indicator will never end",support_question,0.38,build_packaging_env,0.31
562,issue,closed,completed,,bug|patched,2016-11-04,My app is keep crashing at engineDidClose () (SocketIOClient.swift:258),defect_fixed_or_obsolete,0.95,defect_current,0.05
563,issue,open,,,,2016-11-07,Crash when socket is closed by the server,defect_fixed_or_obsolete,0.8,defect_current,0.16
564,issue,open,,,,2016-11-07,"(URGENT)(Objective-C) After successful connection, Emit is causing Disconnection with server.",defect_current,0.72,support_question,0.2
565,issue,open,,,,2016-11-07,acknowledgement times out on simulatneous multiple socket.emitwithack or socket.onany,defect_current,1,defect_fixed_or_obsolete,0
566,issue,closed,completed,,,2016-11-07,I have problem with swift 2.3 in xcode 8.1,build_packaging_env,0.62,defect_fixed_or_obsolete,0.32
567,issue,closed,completed,,,2016-11-08,Crash swift_unknownRetain,defect_fixed_or_obsolete,0.83,defect_current,0.11
568,issue,closed,completed,,,2016-11-08,Description under title,duplicate_invalid_spam,0.64,insufficient_evidence,0.31
569,issue,closed,completed,,,2016-11-09,Socket emit issue,support_question,0.98,defect_fixed_or_obsolete,0.01
570,issue,closed,completed,,,2016-11-09,How to upload image to server,support_question,1,defect_fixed_or_obsolete,0
571,issue,closed,completed,,,2016-11-09,Can't emit a dictionary,feature_request,0.9400000000000001,support_question,0.04
572,pr,closed,,no,,2016-11-09,Non array data,pr_functional,0.84,feature_request,0.11
573,issue,closed,completed,,,2016-11-14,Connect Local server through SSL,support_question,1,defect_fixed_or_obsolete,0
574,issue,closed,completed,,question,2016-11-14,How to send token with objective c code?,support_question,1,defect_fixed_or_obsolete,0
575,issue,closed,completed,,,2016-11-16,Object C usage No Authorization header was found.,support_question,0.99,defect_fixed_or_obsolete,0.01
576,issue,closed,completed,,,2016-11-16,"Meetup.com streams return only ""Invalid HTTP upgrade"" - help needed",support_question,0.9,duplicate_invalid_spam,0.09
577,issue,closed,completed,,,2016-11-16,No visible @interface for 'SocketIOClient' ...  -- help needed,docs_gap,0.77,support_question,0.14
578,issue,closed,completed,,,2016-11-16,Memory over flow,defect_fixed_or_obsolete,0.6,defect_current,0.31
579,issue,closed,completed,,,2016-11-16,"socket.on('connect') called twice, events on server too",support_question,0.97,defect_fixed_or_obsolete,0.03
580,issue,closed,completed,,,2016-11-17,How can i catch the socket timeout in emitWithAck,support_question,0.89,feature_request,0.1
581,issue,open,,,,2016-11-22,Socket is Connected but not Emitting on Server after update swift version 2.3 to 3,support_question,0.53,defect_fixed_or_obsolete,0.26
582,issue,closed,completed,,,2016-11-23,"Got message: 3, Connecting faillure",insufficient_evidence,0.96,duplicate_invalid_spam,0.02
583,issue,closed,completed,,,2016-11-24,fatal error: cannot increment beyond endIndex,defect_current,0.56,insufficient_evidence,0.24
584,issue,closed,completed,,,2016-11-24,Unable to setup socket1.6.0 for ios version of objective C,build_packaging_env,0.45,defect_fixed_or_obsolete,0.38
585,issue,closed,completed,,,2016-11-25,tcp ip example,support_question,0.96,feature_request,0.04
586,issue,closed,completed,,,2016-11-27,socket.io and wss server in python/autobahn,support_question,0.96,duplicate_invalid_spam,0.03
587,issue,closed,completed,,enhancement,2016-11-28,Timeout interface.,feature_request,1,pr_functional,0
588,issue,closed,completed,,,2016-11-30,Chinese garbled,support_question,0.51,defect_fixed_or_obsolete,0.44
589,issue,closed,completed,,,2016-12-01,Socket is not working in 3G always reconnects coming,defect_current,0.52,support_question,0.29
590,issue,closed,completed,,,2016-12-02,How to convert  receive JSON Object in Client Side - Objective C ?,support_question,0.99,defect_fixed_or_obsolete,0.01
591,issue,closed,completed,,,2016-12-03,Client tries to upgrade to websocket when server does not support that transport,support_question,0.48,defect_fixed_or_obsolete,0.25
592,issue,closed,completed,,,2016-12-07,"App crashes as ""doDisconnect (error) (WebSocket.swift:153)""",defect_current,0.72,defect_fixed_or_obsolete,0.23
593,issue,closed,completed,,,2016-12-07,"(Objective-C) After successful connection, Emit is causing Disconnection with server. (same as #564)",support_question,0.77,duplicate_invalid_spam,0.12
594,issue,open,,,,2016-12-07,NOT SUCCESSFULLY CONNECTED?,support_question,0.97,defect_current,0.02
595,issue,closed,completed,,question,2016-12-07,Swift 3 / socket.io 0.9,support_question,0.76,defect_fixed_or_obsolete,0.17
596,issue,open,,,,2016-12-14,Socket Integration,support_question,0.99,duplicate_invalid_spam,0.01
597,issue,closed,completed,,,2016-12-16,init can not succeed,defect_fixed_or_obsolete,0.6,build_packaging_env,0.22
598,issue,closed,completed,,,2016-12-16,SSLCert not visible in Objective-C code,build_packaging_env,0.53,defect_fixed_or_obsolete,0.4
599,issue,closed,completed,,,2016-12-19,"Sometimes, the Chinese message that sended to server is mojibake",defect_fixed_or_obsolete,0.54,support_question,0.36
600,issue,closed,completed,,,2016-12-20,Socket.IO malloc: *** error: can't allocate region,defect_fixed_or_obsolete,0.67,defect_current,0.29
601,issue,closed,completed,,,2016-12-24,ERROR SocketIOClient: Invalid HTTP upgrade,support_question,0.55,defect_fixed_or_obsolete,0.25
602,pr,closed,,yes,,2016-12-26,Update SocketEngine.swift,defect_fixed_or_obsolete,0.51,pr_functional,0.42
603,issue,closed,completed,,,2016-12-30,Socket not connecting to an https:// url,support_question,0.87,defect_current,0.06
604,issue,closed,completed,,,2017-01-01,Swift 3 / socket.io-client 8.2.0: Cannot call value of non-function type 'OnAck Callback',support_question,0.64,defect_fixed_or_obsolete,0.23
605,issue,open,,,,2017-01-12,Multi connection after reconnected,defect_current,0.97,defect_fixed_or_obsolete,0.02
606,issue,closed,completed,,,2017-01-12,App crashes in v.8.1.2,defect_fixed_or_obsolete,0.8,defect_current,0.17
607,issue,closed,completed,,,2017-01-13,App receives message only in Foreground not in Background ?,support_question,0.98,defect_fixed_or_obsolete,0.02
608,issue,closed,completed,,,2017-01-23,not able to connect,support_question,0.98,defect_fixed_or_obsolete,0.02
609,issue,closed,completed,,,2017-01-24,iOS App connected to server using Simulator but not through iPhone,support_question,0.95,defect_fixed_or_obsolete,0.03
610,issue,closed,completed,,,2017-01-26,Log option affecting all sockets,support_question,0.39,defect_current,0.38
611,issue,closed,completed,,,2017-01-27,Can the library be used in objective c code,support_question,0.99,defect_fixed_or_obsolete,0.01
612,issue,closed,completed,,,2017-01-29,SocketIOClientConfiguration.swift won't compile,build_packaging_env,0.92,defect_fixed_or_obsolete,0.07
613,issue,open,,,,2017-01-29,"{""code"":1,""message"":""Session ID unknown""} while connecting users to socket.io for first attempt.",defect_current,0.55,support_question,0.41
614,issue,closed,completed,,,2017-01-30,xcode 8.3 not compiling. Solution.,defect_fixed_or_obsolete,0.52,build_packaging_env,0.48
615,issue,closed,completed,,,2017-01-31,Upload Image/Video via stream using Socket.io-stream server,feature_request,0.82,support_question,0.17
616,issue,closed,completed,,,2017-02-03,Compilation error in SocketTypes.swift,build_packaging_env,0.86,defect_fixed_or_obsolete,0.12
617,issue,closed,completed,,,2017-02-07,crash on handle event,defect_current,0.58,defect_fixed_or_obsolete,0.41
618,issue,closed,completed,,,2017-02-10,Tried emitting newMessage when not connected swift,support_question,0.94,defect_current,0.03
619,issue,closed,completed,,,2017-02-21,Fix for excessive memory use caused by the receipt of an unusually large message,defect_fixed_or_obsolete,0.68,defect_current,0.19
620,pr,closed,,no,,2017-02-22,synchronized call to mutating ackHandlers.executeAck,defect_current,0.51,pr_functional,0.38
621,pr,closed,,no,,2017-02-23,Thread safety issues,defect_current,0.45,pr_functional,0.22
622,pr,closed,,yes,,2017-02-23,thread-safe ack generation,defect_fixed_or_obsolete,0.66,pr_functional,0.26
623,issue,closed,completed,,,2017-02-23,ConnectParams socket 8.2.0,support_question,0.98,docs_gap,0.01
624,issue,closed,completed,,,2017-03-01,Crash socket after parseQueue,defect_fixed_or_obsolete,0.62,defect_current,0.34
625,issue,closed,completed,,,2017-03-02,Error Cannot GET /socket.io/?transport=polling&amp;b64=1,support_question,0.91,defect_fixed_or_obsolete,0.07
626,issue,closed,completed,,question,2017-03-02,How do i connect to & manage multiple namespaces ?,support_question,1,defect_current,0
627,issue,closed,completed,,,2017-03-06,"SocketIO pauses when app enters into background. ( Swift 3, iOS 10 )",support_question,0.94,defect_current,0.03
628,pr,closed,,yes,,2017-03-06,v8.3.0,pr_functional,0.63,defect_fixed_or_obsolete,0.31
629,pr,closed,,yes,,2017-03-06,SocketAckManager thread-safe acks removal,defect_fixed_or_obsolete,0.54,pr_functional,0.38
630,issue,open,,,,2017-03-07,Received the same event twice from one socketClient,defect_current,0.98,insufficient_evidence,0.01
631,issue,closed,completed,,,2017-03-09,Hi. Help with this error,support_question,0.9,insufficient_evidence,0.06
632,issue,closed,completed,,,2017-03-16,chinese analysis error code,defect_fixed_or_obsolete,0.97,defect_current,0.02
633,issue,closed,completed,,,2017-03-16,Creating a SocketIOClient consumes a reference from the sessionDelegate,defect_fixed_or_obsolete,0.45,defect_current,0.42
634,issue,closed,completed,,,2017-03-22,no such module 'Security',build_packaging_env,0.91,feature_request,0.08
635,issue,closed,completed,,,2017-03-25,Socket-iO Swift 3.0.,support_question,0.8,defect_fixed_or_obsolete,0.15
636,issue,closed,completed,,,2017-03-28,Update to Swift 3.1,defect_fixed_or_obsolete,0.52,build_packaging_env,0.43
637,issue,closed,completed,,,2017-03-28,please update to support swift3.1 as soon as possible,duplicate_invalid_spam,0.95,defect_fixed_or_obsolete,0.03
638,issue,open,,,,2017-03-30,Update the latest version can not submit parameters and receive the return data,defect_current,0.57,insufficient_evidence,0.18
639,issue,open,,,,2017-03-30,SocketIO crash when server disconnect client,defect_current,0.9400000000000001,insufficient_evidence,0.03
640,issue,closed,completed,,,2017-03-30,Wrong utf8 string encoding with Swift 3.1,defect_fixed_or_obsolete,0.96,defect_current,0.03
641,issue,closed,completed,,,2017-04-02,Convert to JSON Format,support_question,1,defect_current,0
642,pr,closed,,no,,2017-04-04,Fix markdown formatting of titles in README.md,pr_non_functional,0.72,duplicate_invalid_spam,0.26
643,pr,closed,,yes,,2017-04-04,Fix markdown formatting issues in README.md,pr_non_functional,1,defect_current,0
644,issue,closed,completed,,,2017-04-05,Multiple connections but only one receive events,defect_fixed_or_obsolete,0.58,defect_current,0.27
645,issue,closed,completed,,question,2017-04-06,pod issues,build_packaging_env,0.98,defect_fixed_or_obsolete,0.01
646,issue,closed,completed,,,2017-04-09,WebSocket.cleanupStream() crash and more.,defect_current,0.55,defect_fixed_or_obsolete,0.41
647,issue,closed,completed,,,2017-04-10,pod install  the version is still 8.2.0 available,build_packaging_env,0.88,defect_fixed_or_obsolete,0.11
648,issue,closed,completed,,,2017-04-10,Socket really new to this?,support_question,1,defect_current,0
649,issue,closed,completed,,,2017-04-10,sharedInstance does not work in singleton class,support_question,0.95,defect_fixed_or_obsolete,0.03
650,issue,closed,completed,,,2017-04-11,我会监听到多次一样的推送，怎么回事,defect_fixed_or_obsolete,0.4,defect_current,0.25
651,pr,closed,,yes,,2017-04-13,remove engine’s listener before assign new instance,pr_functional,0.63,defect_fixed_or_obsolete,0.34
652,issue,closed,completed,,,2017-04-13,emitWithAck,support_question,0.94,docs_gap,0.04
653,issue,closed,completed,,,2017-04-17,Not able to get event after socket connected success fully,support_question,0.73,defect_current,0.21
654,issue,closed,completed,,,2017-04-20,How to start one on one chat in swift ios,support_question,1,insufficient_evidence,0
655,issue,closed,completed,,,2017-04-24,after Update Pod issue,build_packaging_env,0.97,defect_fixed_or_obsolete,0.03
656,issue,open,,,,2017-04-24,socket looses connection as soon as it is connected. Sometimes keeps connected for sometime then again disconnects,defect_current,0.65,support_question,0.31
657,issue,closed,completed,,bug|patched,2017-04-25,Can not connect after change device time,defect_fixed_or_obsolete,0.85,defect_current,0.14
658,pr,closed,,yes,,2017-04-25,Fixed headings,pr_non_functional,1,defect_current,0
659,issue,closed,completed,,,2017-04-26,socket.emit,support_question,1,defect_current,0
661,issue,closed,completed,,enhancement|done,2017-04-26,Refactor DispatchQueues so that there's less of them,feature_request,0.65,defect_fixed_or_obsolete,0.15
663,issue,closed,completed,,,2017-04-30,"when I run myApp.ipa(archived adhoc), it crash",build_packaging_env,0.87,defect_fixed_or_obsolete,0.07
664,issue,closed,completed,,,2017-04-30,Error: SocketIOClientConfiguration does not confirm to protocol 'Collection',build_packaging_env,0.7,defect_fixed_or_obsolete,0.3
665,issue,closed,completed,,,2017-05-04,it can't compile successfully in Xcode8.3.1,build_packaging_env,0.74,defect_fixed_or_obsolete,0.26
666,pr,closed,,no,,2017-05-04,Update SocketIOClient.swift,pr_functional,0.71,feature_request,0.25
667,issue,closed,completed,,enhancement|done,2017-05-04,Distinguish better when ack times out,feature_request,0.64,defect_fixed_or_obsolete,0.35000000000000003
668,issue,closed,completed,,enhancement|done,2017-05-05,Allow changes to SocketIOClientStatus of SocketIOClient to be observed,feature_request,0.93,defect_fixed_or_obsolete,0.07
669,pr,closed,,no,,2017-05-05,Refactor engine,pr_functional,0.93,insufficient_evidence,0.03
670,issue,closed,completed,,enhancement|done,2017-05-06,Jazzy documentaion,docs_gap,0.57,pr_non_functional,0.16
671,pr,closed,,no,,2017-05-06,v9.0,pr_functional,0.84,pr_non_functional,0.09
672,issue,closed,completed,,enhancement|done,2017-05-06,Investigate adding support for custom SocketData classes/structs.,feature_request,1,insufficient_evidence,0
673,pr,closed,,yes,,2017-05-06,Document SocketIOClientSwift,pr_non_functional,0.95,docs_gap,0.04
674,issue,closed,completed,,,2017-05-06,Socket IO Client doesn't connect after long delay (24hrs approx),defect_current,0.8,support_question,0.11
675,issue,closed,completed,,enhancement|done,2017-05-07,Client events should be in an enum,feature_request,0.77,defect_fixed_or_obsolete,0.1
676,issue,closed,completed,,bug|patched,2017-05-07,Connect timeout should stop any reconnecting,defect_fixed_or_obsolete,0.82,insufficient_evidence,0.14
677,issue,closed,completed,,enhancement|done,2017-05-07,Errors in SocketData should be reported to the users.,feature_request,0.68,defect_fixed_or_obsolete,0.25
678,pr,closed,,yes,,2017-05-07,v9.0.1,pr_functional,0.65,insufficient_evidence,0.27
679,issue,open,,,enhancement,2017-05-10,Client-side and server-side errors are difficult to differentiate,feature_request,0.99,defect_current,0.01
680,issue,closed,completed,,enhancement,2017-05-10,Setting SocketIOClient's config value after initialization results in unusable client,feature_request,0.66,defect_current,0.18
681,issue,open,,,bug,2017-05-10,"Client fires ""error"" event for 60 second timeout, timeout handlers >60s never fire",defect_current,1,duplicate_invalid_spam,0
682,issue,closed,completed,,,2017-05-10,HTTPS problem,support_question,0.96,defect_fixed_or_obsolete,0.03
683,issue,closed,completed,,,2017-05-11,how to get ping time and use to indicate poor connection,support_question,0.71,feature_request,0.16
684,issue,closed,completed,,enhancement|done,2017-05-11,How to include a custom authentication token AFTER connect,support_question,0.55,feature_request,0.4
685,issue,closed,completed,,,2017-05-13,Error: Event Handler not called from Android to iOS,support_question,0.93,defect_current,0.03
686,issue,closed,completed,,question,2017-05-15,socket.io-client-swift Use in Objective-C Project,support_question,1,build_packaging_env,0
687,issue,closed,completed,,question,2017-05-16,Connect server TLS/SSL with custom certificates,support_question,1,build_packaging_env,0
688,issue,closed,completed,,question,2017-05-16,"Objective - C custom path, how to do",support_question,1,build_packaging_env,0
689,issue,closed,completed,,,2017-05-16,接收不到消息,support_question,0.9,defect_current,0.07
690,issue,closed,completed,,,2017-05-18,Can the user-agent to configure it by yourself,feature_request,0.68,support_question,0.25
691,issue,closed,completed,,enhancement|patched,2017-05-19,Compatibility with socket io 2.0,defect_fixed_or_obsolete,0.64,support_question,0.33
692,issue,closed,completed,,question,2017-05-19,Killing socketIO server fires .statusChange but not .disconnect,support_question,0.92,defect_current,0.05
693,issue,closed,completed,,,2017-05-22,EXC_BAD_ACCESS KERN_INVALID_ADDRESS,defect_fixed_or_obsolete,0.53,defect_current,0.37
694,issue,closed,completed,,enhancement|wontfix,2017-05-25,Should all SocketIOClient's emit calls be made in the handleQueue?,support_question,0.63,feature_request,0.33
695,issue,closed,completed,,,2017-05-26,Socket IO: Event handler not called between two devices,support_question,0.74,duplicate_invalid_spam,0.23
696,issue,closed,completed,,,2017-05-26,Unstable,insufficient_evidence,0.68,support_question,0.14
697,issue,closed,completed,,,2017-05-26,Invalid Swift Support - The SwiftSupport folder is missing. Rebuild your app using the current public (GM) version of Xcode and resubmit it.,build_packaging_env,0.94,defect_fixed_or_obsolete,0.04
698,issue,closed,completed,,,2017-05-27,切换到前后台怎么操作,support_question,0.92,insufficient_evidence,0.07
699,pr,closed,,yes,,2017-05-27,v10.0,defect_fixed_or_obsolete,0.68,pr_functional,0.31
700,issue,closed,completed,,,2017-05-28,Best way to reconnect after disconnect?,support_question,1,feature_request,0
701,issue,closed,completed,,,2017-05-31,AttributeError: 'Session' object has no attribute 'modified',duplicate_invalid_spam,0.85,support_question,0.08
702,issue,closed,completed,,enhancement|patched,2017-06-05,socket data compression,feature_request,0.92,defect_fixed_or_obsolete,0.06
703,issue,closed,completed,,,2017-06-06,SocketStringReader.read crash,defect_fixed_or_obsolete,0.55,defect_current,0.38
704,issue,closed,completed,,,2017-06-08,Problems when connecting to an NGINX server (reversed proxy for my Node.js application),support_question,0.85,defect_current,0.1
705,issue,closed,completed,,,2017-06-08,SSL Error (Swift),support_question,0.98,defect_fixed_or_obsolete,0.02
706,issue,closed,completed,,,2017-06-08,Unicode Character,defect_fixed_or_obsolete,0.81,support_question,0.19
707,issue,closed,completed,,,2017-06-08,Upgrading to Swift3 version and Utf 8 problem,defect_fixed_or_obsolete,0.86,support_question,0.14
708,issue,closed,completed,,,2017-06-10,i'm getting these in my log .,insufficient_evidence,0.43,defect_current,0.24
709,issue,closed,completed,,,2017-06-13,如果我订阅多次一样的，为什么能接收多次一样的？,support_question,0.99,insufficient_evidence,0.01
710,issue,closed,completed,,,2017-06-15,Swift 4 Compatibility,feature_request,0.43,defect_fixed_or_obsolete,0.37
711,issue,closed,completed,,,2017-06-16,emit not work,support_question,0.97,defect_fixed_or_obsolete,0.02
712,issue,closed,completed,,,2017-06-16,How to enable socket connecting for iOS background modes?,support_question,0.99,feature_request,0.01
713,pr,closed,,yes,,2017-06-17,v10.0.1,insufficient_evidence,0.49,pr_functional,0.36
714,issue,closed,completed,,,2017-06-20,Why don't use ping frame and pong frame to send/receive ping pong message? How to get the time interval between one ping and corresponding pong？,duplicate_invalid_spam,0.91,feature_request,0.09
715,issue,closed,completed,,bug|unconfirmed,2017-06-22,Could not build module 'SocketIO',build_packaging_env,0.96,defect_fixed_or_obsolete,0.04
716,issue,closed,completed,,bug,2017-06-22,"Crash when server returns ""404: Not Found""",defect_current,0.96,defect_fixed_or_obsolete,0.04
717,issue,closed,completed,,,2017-06-23,Documentation Issues,docs_gap,1,feature_request,0
718,issue,closed,completed,,,2017-06-23,emit String  but post error string,support_question,0.78,defect_fixed_or_obsolete,0.15
719,pr,closed,,yes,,2017-06-25,Changed 'timeoutAfter' from Int to Double to allow more precise value,pr_functional,0.99,feature_request,0.01
720,issue,closed,completed,,invalid,2017-06-26,ERROR: Invalid HTTP upgrade,support_question,0.96,duplicate_invalid_spam,0.04
721,issue,closed,completed,,enhancement,2017-06-26,Move Starscream dependency to own repo,feature_request,0.47,build_packaging_env,0.37
722,issue,closed,completed,,,2017-06-27,Crash in SocketAckManager with version 10.0.0,defect_current,0.73,defect_fixed_or_obsolete,0.22
723,issue,closed,completed,,,2017-06-28,Event Handler not calling,support_question,0.99,defect_fixed_or_obsolete,0.01
724,issue,closed,completed,,,2017-06-28,"When not set nps,socket only send type 4 and not bussiness data",defect_current,0.45,support_question,0.25
725,issue,closed,completed,,,2017-06-28,how can i show return message in my UIlabel?,support_question,0.99,defect_current,0.01
726,issue,closed,completed,,,2017-06-30,"App get crash, when connecting to invalid url string.",support_question,0.46,feature_request,0.29
727,issue,closed,completed,,question,2017-07-02,Can't connect to CryptoCompare web socket,support_question,0.92,defect_fixed_or_obsolete,0.02
728,issue,closed,completed,,,2017-07-02,Memory leak,defect_current,0.79,support_question,0.12
729,issue,closed,completed,,question,2017-07-02,"Many handlers are registered on the same ""on"" handler (different UUIDs, but same event name)",support_question,0.99,feature_request,0.01
730,pr,closed,,yes,,2017-07-02,v10.1.0,pr_functional,0.99,pr_non_functional,0.01
731,issue,closed,completed,,,2017-07-03,Session ID unknown,support_question,0.9,defect_current,0.08
732,issue,closed,completed,,question,2017-07-03,Socket IO blocks main thread,support_question,0.98,defect_fixed_or_obsolete,0.01
733,issue,closed,completed,,enhancement|patched,2017-07-04,Multiple connect events when joining one or many namespaces,defect_fixed_or_obsolete,0.89,feature_request,0.09
734,issue,closed,completed,,question,2017-07-04,how to renew connectParams before reconnect in OC?,support_question,1,pr_functional,0
735,pr,closed,,yes,,2017-07-04,v10.2.0,defect_fixed_or_obsolete,0.75,pr_functional,0.23
736,issue,closed,completed,,,2017-07-06,No such module 'CommonCrypto',build_packaging_env,0.97,defect_fixed_or_obsolete,0.02
737,issue,closed,completed,,,2017-07-07,I can't catch the 'statusChange' Event,insufficient_evidence,0.47000000000000003,support_question,0.33
738,issue,closed,completed,,question,2017-07-07,Swift - Cookie authentication,support_question,1,duplicate_invalid_spam,0
739,issue,closed,completed,,,2017-07-07,Swift 4 Substring,defect_fixed_or_obsolete,0.95,build_packaging_env,0.05
740,issue,closed,completed,,,2017-07-08,Sometimes my socket keeps connected for sometime then again disconnects,support_question,0.9,defect_current,0.05
741,issue,closed,completed,,,2017-07-08,Socket automatically gets connect disconnect frequently.,support_question,0.65,defect_fixed_or_obsolete,0.15
742,issue,closed,completed,,,2017-07-11,pod install seems doesn't install correctly,build_packaging_env,0.93,defect_fixed_or_obsolete,0.07
743,issue,closed,completed,,,2017-07-11,Receiving Unicode String,support_question,0.61,defect_fixed_or_obsolete,0.39
744,issue,closed,completed,,bug|patched,2017-07-12,SocketIO Client not working with namespace,defect_fixed_or_obsolete,0.9,support_question,0.05
745,issue,closed,completed,,,2017-07-13,see this .when i copy source to my project,build_packaging_env,0.62,duplicate_invalid_spam,0.31
746,issue,closed,completed,,,2017-07-14,intermittent failure to reconnect,defect_current,0.76,support_question,0.19
747,issue,closed,completed,,question,2017-07-16,Socket reconnecting issue,support_question,0.87,defect_fixed_or_obsolete,0.05
748,issue,closed,completed,,,2017-07-20,The log saved to the local sand box？,support_question,0.89,insufficient_evidence,0.1
749,pr,closed,,yes,,2017-07-20,v11,build_packaging_env,0.48,pr_non_functional,0.4
750,issue,closed,completed,,,2017-07-23,can't pod install.,build_packaging_env,0.96,support_question,0.03
751,issue,closed,completed,,,2017-07-24,"help,when use ""SocketIOClient"" i couldn't connect to server",support_question,0.88,insufficient_evidence,0.09999999999999999
752,pr,closed,,yes,,2017-07-24,update doc,pr_non_functional,0.99,insufficient_evidence,0.01
753,issue,closed,completed,,,2017-07-25,/Source/SocketEngineWebsocket.swift:27:8: No such module 'StarscreamSocketIO',build_packaging_env,0.97,defect_fixed_or_obsolete,0.03
754,issue,closed,completed,,bug|patched,2017-07-25,"Missing required modules: 'CommonCrypto', 'zlib'",build_packaging_env,0.7,defect_fixed_or_obsolete,0.25
755,issue,closed,completed,,,2017-07-25,How to import Starscream when I use the BridgingHeader to add SocketIOClient version 11.,build_packaging_env,0.79,support_question,0.14
756,issue,closed,completed,,,2017-07-25,Library not loaded: @rpath/StarscreamSocketIO.framework/StarscreamSocketIO,build_packaging_env,0.88,defect_fixed_or_obsolete,0.12
757,issue,closed,completed,,question,2017-07-26,IPv6,support_question,1,duplicate_invalid_spam,0
758,issue,closed,completed,,,2017-07-27,Thread sanitiser suggests data race issues with SocketIO,defect_current,0.97,insufficient_evidence,0.01
759,issue,closed,completed,,,2017-07-28,i want know how to use the Cocoapod import socket.io in my project,support_question,0.79,build_packaging_env,0.1
760,pr,closed,,no,,2017-07-30,Update void closure usages,pr_non_functional,0.99,duplicate_invalid_spam,0.01
761,issue,closed,completed,,bug|patched,2017-08-02,How can I access SSLSecurity.swift from my Objective-C project?,defect_fixed_or_obsolete,0.99,build_packaging_env,0.01
762,issue,closed,completed,,question,2017-08-04,Can't pass JWT token to connectParams,support_question,0.99,defect_fixed_or_obsolete,0.01
763,issue,closed,completed,,question,2017-08-07,WebSocket connection life cycle,support_question,0.93,docs_gap,0.07
764,issue,closed,completed,,question,2017-08-07,What's happended in 11.0.1 :-) ?,support_question,0.61,defect_fixed_or_obsolete,0.37
765,issue,closed,completed,,,2017-08-07,"Get 11.0.1 source and Starscream, but compile error",build_packaging_env,0.59,defect_fixed_or_obsolete,0.27
766,issue,closed,completed,,,2017-08-08,"Socket.on (""RecieveMessage"") not invoked to my side when other user send message",support_question,0.98,defect_fixed_or_obsolete,0.02
767,issue,closed,completed,,question,2017-08-08,Issue in Adding in Objective C Project - no such module StarscreamSocketIO,build_packaging_env,0.93,support_question,0.04
768,issue,closed,completed,,question,2017-08-08,Issue in Adding Socket.io swift Pod in Objective-C Project PodFile,build_packaging_env,0.98,defect_fixed_or_obsolete,0.01
769,issue,closed,completed,,,2017-08-08,allowing SocketIOClient.status getter to be used from Objective-C in the Swift4 branch,defect_fixed_or_obsolete,0.62,feature_request,0.35
770,issue,closed,completed,,,2017-08-09,"Reconnecting on disconnect causes ""Session ID unknown"" error in v9.0+",defect_current,0.62,support_question,0.36
771,issue,closed,completed,,,2017-08-11,"Xcode 9, swift 3.2 using SocketIoClient generates build errors",defect_fixed_or_obsolete,0.58,build_packaging_env,0.39
772,issue,closed,completed,,duplicate,2017-08-14,"no longer building, working",build_packaging_env,0.71,defect_fixed_or_obsolete,0.23
773,issue,closed,completed,,enhancement|done,2017-08-16,off/once method cannot be used for client events,feature_request,0.93,defect_fixed_or_obsolete,0.07
774,issue,closed,completed,,question,2017-08-17,how to solve when I send data only one time but when I got back socket from receiver work 3 time?,support_question,0.98,insufficient_evidence,0.02
775,issue,closed,completed,,question,2017-08-17,I'm receiving my own messages,support_question,1,defect_current,0
776,pr,closed,,yes,,2017-08-17,v11.1.0,pr_functional,0.95,feature_request,0.03
777,issue,closed,completed,,question,2017-08-17,"Handler received in SocketIOClient , but not in SocketIOManager iOS Swift",support_question,1,defect_current,0
778,issue,closed,completed,,unconfirmed,2017-08-18,Won't reconnect without closing and reopening app.,defect_current,0.77,support_question,0.15
779,issue,closed,completed,,,2017-08-19,"In the case of an agent network, only one client can connect？",insufficient_evidence,0.85,support_question,0.12
780,issue,closed,completed,,unconfirmed,2017-08-20,Socket doesn't receive data,support_question,0.92,defect_current,0.04
781,issue,closed,completed,,bug|patched,2017-08-21,swift build doesn't build the project,defect_fixed_or_obsolete,0.58,build_packaging_env,0.42
782,issue,closed,completed,,,2017-08-22,Build error: module redefinitions,build_packaging_env,0.81,duplicate_invalid_spam,0.14
783,pr,closed,,yes,,2017-08-22,v11.1.2,pr_non_functional,0.55,build_packaging_env,0.34
784,issue,open,,,unconfirmed,2017-08-23,Trying to reconnect always,defect_current,1,support_question,0
785,issue,closed,completed,,,2017-08-23,[swift4] manually importing SocketIO,build_packaging_env,0.54,support_question,0.26
786,issue,closed,completed,,duplicate,2017-08-23,Property with 'retain (or strong)' attribute must be of object type,duplicate_invalid_spam,0.57,build_packaging_env,0.32
787,issue,closed,completed,,duplicate,2017-08-28,v11 not working anymore with Carthage,build_packaging_env,0.48,duplicate_invalid_spam,0.44
788,issue,closed,completed,,question,2017-08-29,Socket.establishConnection() is not consistent when using connectParams with JWT,support_question,1,defect_current,0
789,pr,closed,,no,,2017-08-29,[WIP] Improve targets,build_packaging_env,0.49,pr_non_functional,0.48
790,issue,closed,completed,,bug|patched,2017-08-30,strange results in xcode when using this library,defect_fixed_or_obsolete,0.62,build_packaging_env,0.37
791,issue,closed,completed,,duplicate,2017-08-31,Redefinition of module 'SSCZLib' e 'SSCommonCrypto',duplicate_invalid_spam,0.54,build_packaging_env,0.38
792,issue,open,,,unconfirmed,2017-09-01,"Reconnect may lead to crash,cause of race condition",defect_current,0.99,defect_fixed_or_obsolete,0.01
793,issue,closed,completed,,,2017-09-01,Issue of OC importing a swift library by cocoapods.,build_packaging_env,0.9,support_question,0.1
794,issue,closed,completed,,enhancement|done,2017-09-02,Rewrite packet tests so they don't compare strings,pr_non_functional,0.97,feature_request,0.01
795,issue,closed,completed,,invalid,2017-09-02,Conflicting zlib / CommonCrypto usages,defect_fixed_or_obsolete,0.49,build_packaging_env,0.46
796,pr,closed,,yes,,2017-09-06,Fix Test Coverage iTunes Connect Submission Error,pr_non_functional,0.68,build_packaging_env,0.18
797,issue,closed,completed,,invalid,2017-09-08,Type of expression is ambiguous...,defect_fixed_or_obsolete,0.68,build_packaging_env,0.29
798,issue,closed,completed,,unconfirmed,2017-09-09,"missing required modules: 'SSCZLib', 'SSCommonCrypto'",build_packaging_env,0.93,defect_fixed_or_obsolete,0.03
799,issue,closed,completed,,,2017-09-10,导入框架问题,build_packaging_env,0.6,support_question,0.33
800,issue,closed,completed,,question,2017-09-11,Socket emit not working.,support_question,0.99,defect_fixed_or_obsolete,0.01
801,issue,closed,completed,,question,2017-09-11,I can't find branch swift 2.3,support_question,0.62,defect_fixed_or_obsolete,0.36
802,issue,closed,completed,,question,2017-09-12,HOW TO DETECT WHEN SOCKET LOST CONNECT ANY TIME,support_question,0.97,defect_current,0.03
803,issue,closed,completed,,enhancement,2017-09-13,socket has listener like even in ios,feature_request,0.99,defect_fixed_or_obsolete,0.01
804,issue,closed,completed,,unconfirmed,2017-09-13,Replicate Transport.EVENT_REQUEST_HEADERS on ios,support_question,0.62,feature_request,0.33
805,issue,closed,completed,,question,2017-09-14,Witch version should  be used if i want to support ios7?,support_question,0.97,defect_fixed_or_obsolete,0.03
806,issue,closed,completed,,invalid,2017-09-15,swift ios使用可能存在漏接收数据的情况，应该怎么处理？,support_question,0.55,defect_fixed_or_obsolete,0.26
807,issue,closed,completed,,duplicate,2017-09-15,emergency！ Ios data drop package,duplicate_invalid_spam,0.95,support_question,0.03
808,issue,closed,completed,,question,2017-09-15,Export Compliance for Security Frameworks in package.,support_question,1,defect_current,0
809,pr,closed,,yes,,2017-09-16,v11.1.3,pr_functional,0.61,pr_non_functional,0.32
810,pr,closed,,yes,,2017-09-20,v12.0,pr_functional,0.46,pr_non_functional,0.23
811,issue,closed,completed,,unconfirmed,2017-09-20,no such module 'StarscreamSocketIO',build_packaging_env,0.96,insufficient_evidence,0.02
812,issue,closed,completed,,duplicate,2017-09-20,swift 4 not work,defect_fixed_or_obsolete,0.43,build_packaging_env,0.31
813,issue,closed,completed,,duplicate,2017-09-20,Ambiguous without more context,defect_fixed_or_obsolete,0.48,duplicate_invalid_spam,0.32
814,issue,closed,completed,,unconfirmed,2017-09-20,Error in the SocketEngine.swift class,build_packaging_env,0.84,defect_fixed_or_obsolete,0.14
815,issue,closed,completed,,,2017-09-21,Some Errors With Definition,build_packaging_env,0.95,support_question,0.03
816,issue,closed,completed,,question,2017-09-21,How do I check if data is empty or not?,support_question,1,pr_functional,0
817,issue,closed,completed,,,2017-09-23,handleBase64 in SocketEngine -> Optional noPrefix not unwrapped,defect_fixed_or_obsolete,0.49,build_packaging_env,0.46
818,pr,closed,,no,,2017-09-24,[WIP]Explicit dependency for starscream,build_packaging_env,0.6,pr_non_functional,0.31
819,issue,closed,completed,,,2017-09-28,WebSocket doesn't connect through proxy,support_question,0.72,defect_current,0.14
820,issue,closed,completed,,invalid,2017-09-28,Unresolved identifier 'SocketIOClient' Swift 4,build_packaging_env,0.85,support_question,0.07
821,issue,closed,completed,,,2017-09-30,Can’t get real chinese string,defect_fixed_or_obsolete,0.59,support_question,0.34
822,pr,closed,,no,,2017-09-30,v12.1.0,pr_functional,0.96,pr_non_functional,0.03
823,issue,closed,completed,,,2017-10-01,"No available version for github ""nuclearace/Starscream"" satisfies the requirement",build_packaging_env,0.62,defect_fixed_or_obsolete,0.38
824,pr,closed,,yes,,2017-10-01,v12.1.0,pr_functional,0.88,build_packaging_env,0.07
825,issue,closed,completed,,enhancement|done,2017-10-01,Make Single Target,feature_request,0.63,defect_fixed_or_obsolete,0.11
826,issue,closed,completed,,question,2017-10-02,'SSLSecurity' is ambiguous for type lookup in this context,support_question,0.62,build_packaging_env,0.19
827,issue,closed,completed,,question,2017-10-02,Unable to build with SPM,build_packaging_env,0.76,docs_gap,0.13
828,issue,closed,completed,,,2017-10-03,Error in 12.1.0,build_packaging_env,0.88,defect_fixed_or_obsolete,0.07
829,issue,closed,completed,,,2017-10-03,replacing SocketIOConfiguration.Element doesn't actually replace,support_question,0.78,defect_current,0.12
830,pr,closed,,yes,,2017-10-04,v12.1.1,defect_fixed_or_obsolete,0.82,pr_functional,0.14
831,issue,closed,completed,,question,2017-10-04,xcode 9 optional,build_packaging_env,0.8,defect_fixed_or_obsolete,0.17
832,issue,closed,completed,,duplicate|question,2017-10-05,No such module 'Starscream' error appearing,build_packaging_env,0.46,duplicate_invalid_spam,0.43
833,pr,closed,,yes,,2017-10-05,v12.1.2,pr_non_functional,0.99,build_packaging_env,0.01
834,pr,closed,,yes,,2017-10-07,make single target,pr_non_functional,0.7,build_packaging_env,0.26
835,issue,closed,completed,,,2017-10-07,Emoji not sent,defect_fixed_or_obsolete,0.9,support_question,0.07
836,issue,closed,completed,,question,2017-10-09,Can't send byte array in swift 3,support_question,0.96,defect_fixed_or_obsolete,0.04
837,issue,closed,completed,,enhancement|done,2017-10-09,Joining multiple namespaces on a single client.,support_question,0.34,defect_fixed_or_obsolete,0.34
838,issue,closed,completed,,invalid,2017-10-10,Asyncronous send and receive,duplicate_invalid_spam,0.39,feature_request,0.23
839,issue,closed,completed,,question,2017-10-11,How to build two socket connection,support_question,0.99,defect_fixed_or_obsolete,0.01
840,pr,closed,,yes,,2017-10-14,v13.0.0,pr_functional,1,pr_non_functional,0
841,issue,closed,completed,,enhancement|done,2017-10-14,Socket Manager for multiplexing namespaces,feature_request,0.84,defect_fixed_or_obsolete,0.08
842,issue,closed,completed,,question,2017-10-18,"No available ""nuclearace/Starscream"" in version 11.1.3",build_packaging_env,0.76,defect_fixed_or_obsolete,0.23
843,issue,closed,completed,,invalid,2017-10-18,Memory leak in SocketIOClientOption,defect_fixed_or_obsolete,0.5,duplicate_invalid_spam,0.38
844,pr,closed,,yes,,2017-10-18,Manager,pr_functional,1,insufficient_evidence,0
845,issue,open,,,unconfirmed,2017-10-20,Socket.io - Maintaining socket connection (Swift),support_question,0.83,defect_current,0.14
846,issue,closed,completed,,,2017-10-21,swift ios存在漏接收数据的情况,defect_current,0.48,defect_fixed_or_obsolete,0.23
847,issue,closed,completed,,question,2017-10-22,ssl with socket io and swift for iOS app not working,support_question,1,insufficient_evidence,0
848,issue,closed,completed,,question,2017-10-23,Help,support_question,0.53,build_packaging_env,0.46
849,issue,closed,completed,,,2017-10-24,Unsubscribe by subscription id,support_question,0.61,feature_request,0.3
850,issue,closed,completed,,question,2017-10-25,server crash not detected by client,support_question,1,insufficient_evidence,0
851,issue,closed,completed,,unconfirmed,2017-10-29,Redefinition of module 'SSCZLib' % 'SSCommonCrypto',build_packaging_env,0.91,defect_fixed_or_obsolete,0.09
852,issue,closed,completed,,question,2017-11-01,Swift 4,support_question,0.71,defect_fixed_or_obsolete,0.24000000000000002
853,issue,closed,completed,,,2017-11-04,No such module 'Starscream',build_packaging_env,0.97,defect_fixed_or_obsolete,0.02
854,issue,closed,completed,,question,2017-11-04,IOS 11 has one weird bug,support_question,0.96,defect_current,0.03
855,issue,closed,completed,,bug|patched,2017-11-06,ios swift socket disconnect repeatedly after lock iPhone,defect_fixed_or_obsolete,0.93,defect_current,0.06
856,issue,closed,completed,,invalid,2017-11-07,'characters' is deprecated: Please use String or Substring directly,defect_fixed_or_obsolete,0.61,build_packaging_env,0.19
857,issue,closed,completed,,bug,2017-11-07,Reconnecting causes disconnect/reconnect loop when using client certificate authentication,defect_current,0.98,defect_fixed_or_obsolete,0.02
858,pr,closed,,yes,,2017-11-08,V12.1.3,pr_functional,0.38,defect_fixed_or_obsolete,0.29
859,issue,closed,completed,,,2017-11-08,Possible race on SocketAckManager,support_question,0.89,defect_current,0.05
860,issue,closed,completed,,question,2017-11-09,How to transfer pictures (larger pictures),support_question,1,defect_current,0
861,issue,closed,completed,,,2017-11-09,I can not listen to messages in any way for Objective-C,support_question,0.96,defect_current,0.03
862,issue,closed,completed,,question,2017-11-09,"In the last Swift version, the utf8 encoding",defect_fixed_or_obsolete,0.73,support_question,0.23
863,issue,closed,completed,,duplicate,2017-11-13,Updating Authorization headers for subsequent reconnections,duplicate_invalid_spam,0.75,support_question,0.14
864,issue,closed,completed,,question,2017-11-13,Can't connect in v13.0.0,support_question,0.99,defect_fixed_or_obsolete,0.01
865,issue,closed,completed,,bug|patched,2017-11-13,SocketManager is not using the handleQueue option on v13.0.0,defect_fixed_or_obsolete,0.88,defect_current,0.12
866,issue,closed,completed,,unconfirmed,2017-11-14,emitWithAck not working properly with no parameter,support_question,0.79,defect_fixed_or_obsolete,0.2
867,issue,closed,completed,,,2017-11-16,connectParams NSString Objective-C,support_question,1,defect_current,0
868,pr,closed,,no,,2017-11-16,enabling bitcode,pr_non_functional,0.74,build_packaging_env,0.24
869,issue,closed,completed,,duplicate,2017-11-16,getting nil on socket,support_question,0.66,duplicate_invalid_spam,0.34
870,issue,closed,completed,,,2017-11-16,Raw Messages,support_question,0.49,feature_request,0.48
871,issue,closed,completed,,,2017-11-16,Not able to sent strings with some special characters,defect_fixed_or_obsolete,0.42,support_question,0.37
872,issue,closed,completed,,,2017-11-17,Swift Compiler Error,build_packaging_env,0.78,defect_fixed_or_obsolete,0.17
873,issue,closed,completed,,,2017-11-17,Swift 13.0.0 NameSpace can't noraml use,support_question,0.96,defect_fixed_or_obsolete,0.03
874,issue,closed,completed,,,2017-11-18,How to pass the parameters on connect,support_question,1,docs_gap,0
875,issue,closed,completed,,invalid,2017-11-20,Cannot use instance member 'nsp' within property initialiser,build_packaging_env,0.47,duplicate_invalid_spam,0.38
876,issue,closed,completed,,invalid,2017-11-20,Singleton design and token (before user logs in),support_question,0.88,duplicate_invalid_spam,0.12
877,issue,closed,completed,,question,2017-11-21,Connection handler won't be called,support_question,0.92,defect_fixed_or_obsolete,0.05
878,issue,open,,,enhancement,2017-11-21,Need way to distinguish server disconnects from client disconnects,feature_request,1,docs_gap,0
879,issue,closed,completed,,bug|patched,2017-11-22,"BITCODE_ENABLED set to NO in target, but YES for project?",defect_fixed_or_obsolete,0.77,build_packaging_env,0.22
880,issue,closed,completed,,,2017-11-23,xcode9 pod error,build_packaging_env,0.97,defect_fixed_or_obsolete,0.02
881,pr,closed,,yes,,2017-11-25,v13.1.0,pr_non_functional,0.57,pr_functional,0.33
882,issue,closed,completed,,bug|patched,2017-11-26,Unable to reconnect after manually disconnecting,defect_current,0.53,defect_fixed_or_obsolete,0.47
883,issue,closed,completed,,,2017-11-27,Need way to set internal timeout,duplicate_invalid_spam,0.88,feature_request,0.12
884,issue,closed,completed,,,2017-11-27,Not receiving messages between two IOS devices using Socket.io,support_question,1,feature_request,0
885,issue,closed,completed,,enhancement|wontfix,2017-11-29,Need off method that accepts a callback reference,feature_request,1,pr_functional,0
886,issue,closed,completed,,,2017-11-30,Carthage build failed,build_packaging_env,0.92,defect_fixed_or_obsolete,0.08
887,issue,closed,completed,,bug|unconfirmed,2017-11-30,Timeout handler should be invalidated once connection succeed,defect_current,0.9,defect_fixed_or_obsolete,0.08
888,issue,closed,completed,,question,2017-11-30,socket.io connect error in my objective-c projects,support_question,0.98,defect_current,0.01
889,pr,closed,,no,,2017-11-30,"Big bug in some linux versions was fixed. For example, in my Ubuntu 1…",defect_fixed_or_obsolete,0.4,pr_functional,0.26
890,issue,closed,completed,,,2017-12-01,When update to 13.1.0 got an error no such module SocketIO,build_packaging_env,0.82,insufficient_evidence,0.11
891,issue,closed,completed,,,2017-12-01,Carthage build is broken,build_packaging_env,0.81,defect_fixed_or_obsolete,0.18
892,issue,closed,completed,,,2017-12-02,close,insufficient_evidence,0.51,duplicate_invalid_spam,0.49
894,issue,closed,completed,,bug|patched,2017-12-05,Connection URLs encoding for '^' symbol,defect_fixed_or_obsolete,0.77,defect_current,0.18
895,issue,closed,completed,,bug|wontfix,2017-12-05,Socket stops pinging for unknown reason,support_question,0.83,defect_current,0.09
896,issue,closed,completed,,,2017-12-05,fails to reconnect under certain circumstances; did work in 8.3.1,support_question,0.75,defect_current,0.22
897,issue,closed,completed,,,2017-12-07,ERROR SocketIOClient: output stream error during write,support_question,0.85,defect_current,0.08
898,issue,open,,,,2017-12-09,emitting in on connect handler sometimes crash without a specific reason,support_question,0.72,defect_current,0.24
899,issue,closed,completed,,,2017-12-10,DefaultSocketLogger.Logger.log(..),build_packaging_env,0.58,defect_fixed_or_obsolete,0.41
900,issue,closed,completed,,,2017-12-11,Error build the project after installing library,build_packaging_env,0.98,support_question,0.01
901,issue,closed,completed,,question,2017-12-11,how can I manually import socketio for swift 4 iOS app,support_question,0.89,build_packaging_env,0.09
902,issue,closed,completed,,,2017-12-13,No such module 'Starscream' even after updating the Pods n all the solution posted here!,build_packaging_env,0.99,defect_fixed_or_obsolete,0.01
903,issue,closed,completed,,,2017-12-13,Need help with basic authentication (Nginx + Socket.IO),support_question,0.99,defect_current,0.01
904,issue,closed,completed,,,2017-12-14,No such Module 'SocketIO',build_packaging_env,0.99,support_question,0.01
905,issue,closed,completed,,,2017-12-14,SPM error when trying to install SocketIO,build_packaging_env,0.92,support_question,0.04
906,issue,closed,completed,,,2017-12-14,"Missing required modules: 'SSCZLib', 'SSCommonCrypto'",build_packaging_env,0.98,defect_fixed_or_obsolete,0.01
907,issue,closed,completed,,,2017-12-15,socket.io 连接传递参数问题,support_question,0.99,duplicate_invalid_spam,0.01
908,issue,closed,completed,,,2017-12-17,Cannot load underlying module for 'SocketIO',build_packaging_env,0.98,defect_fixed_or_obsolete,0.02
909,issue,open,,,bug|unconfirmed,2017-12-17,After connection upgrade to webSocket In case of a failure to reconnect client will never reconnect again and be stuck in an endless reconnect loop,defect_current,0.98,support_question,0.02
910,issue,closed,completed,,,2017-12-17,Delivered Status Notification in Swift 3,support_question,0.96,feature_request,0.02
911,issue,closed,completed,,,2017-12-17,Sending header parameters only on initial connection.,support_question,0.95,defect_current,0.02
912,issue,closed,completed,,,2017-12-18,Event Handler not calling,support_question,0.95,defect_fixed_or_obsolete,0.03
913,issue,open,,,bug|unconfirmed,2017-12-19,Socket disconnects automatically and after disconnect it's not reconnect. Get lots of logs in console.,defect_current,0.7,support_question,0.16
914,issue,closed,completed,,,2017-12-20,how to establish socket connection in appdelegate class,support_question,1,docs_gap,0
915,pr,closed,,no,,2017-12-21,"Add missing `,`  when leaving or joining a namespace",pr_functional,0.42,defect_fixed_or_obsolete,0.35
916,issue,closed,completed,,,2017-12-26,"When I add a dependency with Carthage, I get the following error:",build_packaging_env,0.9,defect_fixed_or_obsolete,0.1
917,issue,closed,completed,,,2017-12-27,Network errors and timing out in version 13.0.1,support_question,0.95,defect_current,0.03
918,issue,open,,,,2018-01-02,"Socket disconnects automatically, reconnects, and disconnects again and form a loop.",defect_current,0.79,support_question,0.16
919,issue,closed,completed,,,2018-01-03,Event not posted sometimes,defect_current,0.93,defect_fixed_or_obsolete,0.05
920,issue,closed,completed,,question,2018-01-05,Version 13.1.0 connect with Swift success but with Objective-C connecting forever,support_question,0.75,defect_fixed_or_obsolete,0.24
921,pr,closed,,no,,2018-01-05,Migrated the Socket.IO 1.X build to Swift 4,build_packaging_env,0.43,pr_non_functional,0.23
922,issue,closed,completed,,,2018-01-05,Apple Watch constant `Connecting` status,support_question,0.54,defect_current,0.24
923,issue,closed,completed,,bug|patched,2018-01-06,Cant connect to socket with namespace in version 13.1.0,defect_fixed_or_obsolete,0.99,defect_current,0.01
924,pr,closed,,yes,,2018-01-07,v13.1.1,pr_non_functional,0.46,defect_fixed_or_obsolete,0.26
925,pr,closed,,yes,,2018-01-08,Feature/9.0.1/swift4,build_packaging_env,0.32,defect_fixed_or_obsolete,0.27
926,issue,closed,completed,,question,2018-01-08,How to solve this?,support_question,0.94,defect_fixed_or_obsolete,0.03
927,pr,closed,,no,,2018-01-10,fix insert invoked twice,pr_functional,0.51,defect_fixed_or_obsolete,0.4
928,issue,closed,completed,,question,2018-01-10,socket remind connecting,support_question,0.97,defect_fixed_or_obsolete,0.02
929,issue,closed,completed,,question,2018-01-17,New Version (Swift4) Not work,support_question,0.86,defect_fixed_or_obsolete,0.14
930,issue,closed,completed,,,2018-01-19,Version 13.1.0 connect with OC But Cannot emit To Server,support_question,0.86,defect_fixed_or_obsolete,0.14
931,issue,closed,completed,,,2018-01-19,Received data has the wrong encoding (not always),defect_fixed_or_obsolete,0.97,support_question,0.02
932,issue,closed,completed,,,2018-01-20,Couldn't call event to Emit,support_question,0.87,insufficient_evidence,0.07
933,issue,closed,completed,,,2018-01-20,Socket not connected in client but in server Connect,support_question,0.97,defect_fixed_or_obsolete,0.03
934,issue,closed,completed,,,2018-01-21,can't receive any data from socket,support_question,0.97,defect_fixed_or_obsolete,0.03
935,issue,closed,completed,,,2018-01-24,Not connecting using the readme example,support_question,0.67,docs_gap,0.2
936,issue,closed,completed,,,2018-01-25,Can we connect to a TCP socket which requires Two way authenticated communications.,support_question,0.58,feature_request,0.4
937,issue,closed,completed,,,2018-01-28,LOG SocketManager: Manager is being released,support_question,0.99,defect_current,0.01
938,issue,closed,completed,,,2018-01-29,"Not able to send message,below is my debugg code",support_question,0.79,insufficient_evidence,0.21
939,issue,open,,,,2018-01-29,Unable to connect to python server,support_question,0.97,defect_current,0.02
940,issue,closed,completed,,,2018-01-30,socket.io install unsuccessful for iOS using Carthage,build_packaging_env,0.92,insufficient_evidence,0.06
941,pr,closed,,yes,,2018-01-30,Fixes build warnings caused by documentation issues.,pr_non_functional,0.8,build_packaging_env,0.11
942,issue,open,,,,2018-02-01,Socket Connecting in Local Machine but not in Remote Server,support_question,1,pr_non_functional,0
943,issue,closed,completed,,,2018-02-02,Invalid HTTP upgrade,defect_current,0.63,support_question,0.21
944,issue,closed,completed,,,2018-02-03,Manager and Engine is released,support_question,0.87,defect_fixed_or_obsolete,0.1
945,issue,open,,,bug,2018-02-07,session leak,defect_current,0.89,support_question,0.11
946,issue,closed,completed,,,2018-02-07,can't receive any message,support_question,0.68,insufficient_evidence,0.3
947,issue,closed,completed,,,2018-02-07,the manager and engine are being released,support_question,0.91,defect_fixed_or_obsolete,0.07
948,issue,closed,completed,,,2018-02-08,"Socket is connected, but I can't receive broadcast message.",support_question,0.89,defect_current,0.07
949,issue,closed,completed,,,2018-02-09,Socket.IO crahes sometimes,support_question,0.65,defect_fixed_or_obsolete,0.24
950,issue,closed,completed,,enhancement|done,2018-02-09,Ack Callback and event handler not executed in the same order as received packets,defect_fixed_or_obsolete,0.92,defect_current,0.05
951,issue,closed,completed,,question,2018-02-14,How to destroy a socket permanently,support_question,1,pr_non_functional,0
952,issue,open,,,enhancement,2018-02-15,Decode responses to Struct via Codable,feature_request,1,pr_non_functional,0
953,issue,closed,completed,,,2018-02-16,Error handler when wi-fi is disabled comes in 1 minute,support_question,0.83,defect_fixed_or_obsolete,0.17
954,issue,closed,completed,,,2018-02-18,Callback for connect not executing.,support_question,0.89,defect_fixed_or_obsolete,0.1
955,issue,closed,completed,,,2018-02-20,Socket.io and Windows TCP,support_question,0.89,duplicate_invalid_spam,0.08
956,issue,closed,completed,,question,2018-02-20,SocketIOClient doesn't have function (socketURL: URL),support_question,0.91,docs_gap,0.08
957,issue,closed,completed,,,2018-02-26,how to send cookie  my socket server?,support_question,0.92,build_packaging_env,0.06
958,issue,closed,completed,,,2018-02-26,Question - Updating extraHeaders when the socket was already creted,support_question,0.98,defect_fixed_or_obsolete,0.02
959,issue,closed,completed,,invalid,2018-02-27,high energy impact on iPhone when idle,duplicate_invalid_spam,0.6900000000000001,support_question,0.22
960,issue,closed,completed,,,2018-03-01,socket.io error,support_question,0.96,defect_fixed_or_obsolete,0.03
961,pr,closed,,yes,,2018-03-01,v13.1.2,pr_functional,0.75,pr_non_functional,0.12
962,issue,closed,completed,,bug|unconfirmed,2018-03-04,Swift Dictionary converted to JSON with wrong syntax,defect_current,0.74,insufficient_evidence,0.1
963,issue,closed,completed,,,2018-03-05,Engine is being released,support_question,0.56,defect_fixed_or_obsolete,0.21
964,issue,closed,completed,,,2018-03-05,Socket event still listen while set controller to nil,support_question,0.96,defect_current,0.02
965,issue,closed,completed,,,2018-03-05,Unable to listen to Socket events through Namespace .,support_question,0.99,defect_fixed_or_obsolete,0.01
966,issue,closed,completed,,,2018-03-05,reason: 'Invalid type in JSON write (RTCSessionDescription),support_question,0.92,defect_fixed_or_obsolete,0.04
967,issue,closed,completed,,,2018-03-06,String encoding/decoding,defect_fixed_or_obsolete,0.8,support_question,0.2
968,issue,closed,completed,,question,2018-03-07,What’s the best way to test apps using this framework?,support_question,1,defect_current,0
969,issue,closed,completed,,question,2018-03-07,Reconnecting problems with release version,support_question,0.96,defect_current,0.03
970,issue,closed,completed,,invalid,2018-03-09,Cannot successfully connect to Django channels sockets,duplicate_invalid_spam,0.56,support_question,0.44
971,issue,closed,completed,,question,2018-03-12,Converting received data to swift object,support_question,1,pr_non_functional,0
972,issue,closed,completed,,,2018-03-12,How to send Mattermost authentication headers to check whether the socket is connected successfully?,support_question,0.98,insufficient_evidence,0.02
973,issue,closed,completed,,,2018-03-12,Trying to send messages to Flask SocketIO server,support_question,0.96,defect_fixed_or_obsolete,0.04
974,issue,closed,completed,,,2018-03-13,Emmit dosn't work,support_question,0.68,insufficient_evidence,0.3
975,issue,closed,completed,,,2018-03-14,Socket doesn't connect with websockets,support_question,0.91,defect_fixed_or_obsolete,0.07
976,issue,closed,completed,,,2018-03-14,Socket Emit is giving me Invalid HTTP upgrade,support_question,0.86,defect_current,0.08
977,issue,closed,completed,,,2018-03-15,May I ask you a question？thanks!,support_question,0.7,duplicate_invalid_spam,0.22
978,issue,closed,completed,,,2018-03-16,(Objective C) SocketManager not found in version 8.0.2,build_packaging_env,0.87,defect_fixed_or_obsolete,0.13
979,issue,closed,completed,,,2018-03-16,Facing some issues on iOS 11.2 iPhone X simulator Xcode 9.2,support_question,0.83,defect_fixed_or_obsolete,0.09
980,issue,closed,completed,,question,2018-03-18,Can't to connect,support_question,1,pr_non_functional,0
981,issue,closed,completed,,,2018-03-19,Socket IO not connecting to get data look at the code,support_question,0.99,defect_fixed_or_obsolete,0.01
982,issue,closed,completed,,,2018-03-19,(Objective C) Socket not connect,support_question,0.85,defect_fixed_or_obsolete,0.11
983,issue,closed,completed,,,2018-03-19,"error installing versions 8 and higher via CocoaPods, XCode 9.2",build_packaging_env,0.55,defect_fixed_or_obsolete,0.45
984,issue,closed,completed,,,2018-03-20,"""socket once"" incorrect data in callback",support_question,0.85,defect_current,0.13
985,issue,closed,completed,,,2018-03-24,Socket not receiving response from the server ...,support_question,0.97,defect_current,0.02
986,issue,closed,completed,,,2018-03-26,"With ""forceWebsockets"", you can't grab a bag with Charles, but you can grab it with ""forcePolling"".",support_question,0.36,insufficient_evidence,0.22
987,issue,closed,completed,,,2018-03-27,"Very weird bug with socket, when starting up socket.",insufficient_evidence,0.51,defect_fixed_or_obsolete,0.16
988,issue,closed,completed,,,2018-03-28,How is iOS 8 compatible?,support_question,0.7,insufficient_evidence,0.14
989,issue,closed,completed,,bug|patched,2018-03-28,reconnectAttempts config ignored,defect_fixed_or_obsolete,0.98,defect_current,0.02
990,issue,closed,completed,,,2018-03-29,Same-type requirement makes generic parameter 'Key' non-generic,defect_fixed_or_obsolete,0.54,build_packaging_env,0.32
991,pr,closed,,yes,,2018-03-30,v13.1.3,defect_fixed_or_obsolete,0.88,pr_functional,0.11
992,issue,closed,completed,,enhancement|done,2018-03-30,Add way to skip object binary inspection,feature_request,0.81,insufficient_evidence,0.11
993,pr,closed,,yes,,2018-03-30,v13.2.0,pr_functional,0.94,feature_request,0.06
994,issue,closed,completed,,question,2018-03-31,May I ask a Question?,support_question,1,build_packaging_env,0
995,issue,closed,completed,,unconfirmed,2018-04-03,Can't send or receive messages with Xcode 9.3 and iOS 11.3,defect_fixed_or_obsolete,0.44,defect_current,0.4
996,issue,closed,completed,,,2018-04-06,"{""code"":1,""message"":""Session ID unknown""} Error When trying to Connect",support_question,0.51,defect_fixed_or_obsolete,0.39
997,issue,closed,completed,,duplicate,2018-04-10,Session ID unknown,duplicate_invalid_spam,0.92,support_question,0.05
998,issue,closed,completed,,,2018-04-11,library not found for -lswiftSwiftOnoneSupport for architecture x86_64,build_packaging_env,0.99,defect_fixed_or_obsolete,0.01
999,issue,closed,completed,,,2018-04-11,duplicate SSLSecurity.swift when I manual Import iOS Swift to Objective C,build_packaging_env,0.81,defect_current,0.08
1000,issue,closed,completed,,,2018-04-12,"I don't know how to use it on objective-c language,it made me upset.",support_question,0.54,insufficient_evidence,0.38
1001,issue,closed,completed,,,2018-04-12,Listener not firing for some messages with Xcode 9.3 and iOS 11.3,defect_fixed_or_obsolete,0.51,defect_current,0.45
1002,issue,closed,completed,,,2018-04-12,connect to an SSL server,support_question,1,build_packaging_env,0
1003,issue,closed,completed,,,2018-04-16,xcode9.2 compile error,build_packaging_env,0.92,defect_fixed_or_obsolete,0.05
1005,issue,closed,completed,,,2018-04-30,Upload image data (NSdata or data) from ios project to server using socket script,support_question,1,build_packaging_env,0
1006,issue,closed,completed,,,2018-05-03,SSLSecurity option <objecitve c>,support_question,0.98,docs_gap,0.01
1007,issue,closed,completed,,,2018-05-03,configure user agent on objective C.,support_question,1,build_packaging_env,0
1008,issue,closed,completed,,,2018-05-03,How to add certificate (.cer) and private key file (.key) Or All in one (.der) file,support_question,1,build_packaging_env,0
1009,issue,closed,completed,,,2018-05-05,StarscreamSocketIO.framework image not found error with carthage installation,build_packaging_env,1,feature_request,0
1010,issue,closed,completed,,,2018-05-06,socket i.o doesnt work on simulator but its work on real device,support_question,0.95,defect_fixed_or_obsolete,0.04
1011,issue,closed,completed,,,2018-05-07,Cocoapods doesn't install version 13.1.0,build_packaging_env,0.97,support_question,0.02
1012,issue,closed,completed,,,2018-05-07,"Client, Manager and Engine getting released on second connection attempt",support_question,0.54,defect_fixed_or_obsolete,0.38
1013,issue,open,,,enhancement,2018-05-07,"Question about feature, or possible suggestion",feature_request,1,support_question,0
1014,pr,closed,,no,,2018-05-09,thread-safety on ackNumber generation and memory leak fix,pr_functional,0.44,defect_current,0.37
1015,pr,closed,,no,,2018-05-09,thread-safe ackNumber generation and memory leak fix,defect_current,0.41000000000000003,duplicate_invalid_spam,0.27
1016,issue,open,,,,2018-05-10,Reconnection doesn't work,support_question,0.84,defect_current,0.15
1017,issue,closed,completed,,question,2018-05-16,Unable to connect to socket,support_question,1,defect_current,0
1018,issue,closed,completed,,,2018-05-16,"Emit is not working with Special characters like “€”, “¥”, etc.",defect_fixed_or_obsolete,0.74,support_question,0.22
1019,issue,closed,completed,,question,2018-05-16,Not able to connect with objective c with namespace,support_question,0.95,build_packaging_env,0.03
1020,issue,closed,completed,,question,2018-05-17,Socket server is busy,support_question,1,defect_current,0
1021,issue,closed,completed,,,2018-05-17,swift 4 and socket io 1.0,defect_fixed_or_obsolete,0.52,support_question,0.48
1022,issue,closed,completed,,,2018-05-18,init SocketIOClient 13.2,support_question,0.95,defect_fixed_or_obsolete,0.03
1023,issue,closed,completed,,,2018-05-18,init SocketIOClient,duplicate_invalid_spam,0.93,support_question,0.07
1024,issue,closed,completed,,,2018-05-22,Init SocketIOClient different with .forceWebsockets(true),support_question,0.66,defect_fixed_or_obsolete,0.28
1025,issue,closed,completed,,,2018-05-25,Not getting connected,support_question,0.99,defect_fixed_or_obsolete,0.01
1026,issue,closed,completed,,,2018-05-25,Emit Message not Calling for the second time,support_question,0.96,defect_current,0.02
1027,issue,closed,completed,,invalid,2018-05-31,Memory leaks in iOS 11 can provide memory analysis tools appropriately,duplicate_invalid_spam,0.85,insufficient_evidence,0.14
1028,issue,closed,completed,,,2018-05-31,Objective-C : Cant connect to server using Socket.IO,support_question,0.96,docs_gap,0.03
1029,issue,closed,completed,,question,2018-06-01,Socket.io reconnect multiple times,support_question,0.98,defect_fixed_or_obsolete,0.02
1030,issue,closed,completed,,,2018-06-01,Socket.on is not working. I did everything. Please help,support_question,0.96,defect_current,0.02
1031,issue,closed,completed,,,2018-06-04,[objective c] Cannot send header using extraHeaders,support_question,0.97,defect_fixed_or_obsolete,0.02
1032,issue,closed,completed,,,2018-06-04,Could not cast value of type 'NSURL' to 'SocketIO.SocketManagerSpec,defect_fixed_or_obsolete,0.33,docs_gap,0.25
1033,issue,closed,completed,,,2018-06-06,Problem connecting to custom namespace,defect_fixed_or_obsolete,0.77,defect_current,0.22
1034,pr,closed,,yes,,2018-06-07,Fixed loosing POST packets on web socket connection failure,defect_fixed_or_obsolete,0.66,pr_functional,0.32
1035,pr,closed,,yes,,2018-06-07,v13.2.1,defect_fixed_or_obsolete,0.83,pr_functional,0.14
1036,issue,closed,completed,,,2018-06-07,iOS 12: Use the Network.framework for socket connections,feature_request,0.71,duplicate_invalid_spam,0.27
1037,issue,closed,completed,,,2018-06-09,how can i turn off socket automatic reconnection in swift?,support_question,1,defect_current,0
1038,issue,closed,completed,,,2018-06-11,Getting EXC_BAD_ACCESS KERN_INVALID_ADDRESS,support_question,0.68,defect_current,0.22
1039,issue,closed,completed,,,2018-06-11,emitWithAck not working,support_question,0.73,defect_fixed_or_obsolete,0.15
1040,issue,closed,completed,,enhancement,2018-06-13,Cannot setConfigs after init in objective-c,feature_request,0.98,defect_current,0.01
1041,issue,closed,completed,,,2018-06-16,Unable to send notification to particular user in socket.io io.to().emit() method,support_question,0.97,duplicate_invalid_spam,0.02
1042,issue,closed,completed,,,2018-06-19,Not Able to Connect in Objective C 13.2.0,insufficient_evidence,0.95,support_question,0.04
1043,issue,closed,completed,,,2018-06-20,SSL Pinning not working,support_question,0.97,defect_fixed_or_obsolete,0.03
1044,issue,closed,completed,,,2018-06-21,"Missing required modules: 'SSCZLib', 'SSCommonCrypto'",build_packaging_env,0.99,defect_fixed_or_obsolete,0.01
1045,issue,closed,completed,,,2018-06-21,SocketIOClient: Handling event: error with data: [“Invalid SSL certificate”],support_question,1,feature_request,0
1046,issue,closed,completed,,,2018-06-25,User interface not working when and run CFRunLoopRun after method connect,support_question,0.98,defect_current,0.01
1047,issue,closed,completed,,,2018-06-26,"Unable to add 'Socket.IO-Client-Swift', '~> 13.2.1' as a dependency.",build_packaging_env,0.97,defect_fixed_or_obsolete,0.03
1048,issue,closed,completed,,,2018-06-27,Socket IO client doesn't work on Xcode 9.2,build_packaging_env,0.89,defect_fixed_or_obsolete,0.1
1049,pr,closed,,yes,,2018-06-28,Add enableSOCKSProxy option to pass to Starscream WebSockets,pr_functional,0.97,feature_request,0.03
1050,issue,closed,completed,,,2018-06-28,Looks like memory leak within Socket.io,defect_current,0.39,defect_fixed_or_obsolete,0.21000000000000002
1051,pr,closed,,no,,2018-06-28,Fix for SyntaxError: Unexpected end of JSON input,pr_functional,0.71,defect_current,0.18
1052,issue,closed,completed,,,2018-07-02,"To receive message in Chinese will be show unrecognizable characters, like ä½ å¥½å^P^W",defect_fixed_or_obsolete,0.7,support_question,0.28
1053,issue,closed,completed,,,2018-07-05,Not getting Disconnect event when network dosconnects,defect_current,0.68,support_question,0.28
1054,issue,closed,completed,,,2018-07-07,"""Foundation.CharacterSet.init(charactersIn: Swift.String) -> Foundation.CharacterSet"", referenced from:",build_packaging_env,0.95,defect_fixed_or_obsolete,0.05
1055,issue,closed,completed,,,2018-07-11,SocketIO logs show connected but emit refuses,defect_current,0.61,support_question,0.32
1056,issue,closed,completed,,,2018-07-18,How to use Swift Package Manager？,build_packaging_env,0.97,insufficient_evidence,0.01
1057,issue,closed,completed,,enhancement|done,2018-07-18,Supporting load balancers,feature_request,0.83,defect_fixed_or_obsolete,0.09
1058,pr,closed,,yes,,2018-07-18,Added passing cookies from long polling session to web scoket,pr_functional,0.89,defect_fixed_or_obsolete,0.06
1059,pr,closed,,yes,,2018-07-18,v13.3.0,pr_functional,0.77,pr_non_functional,0.13
1060,issue,closed,completed,,,2018-07-19,CloudFront blocks my socket io requests from ios app,support_question,0.89,duplicate_invalid_spam,0.1
1061,pr,closed,,yes,,2018-07-20,Update 12to13.md,pr_non_functional,1,pr_functional,0
1062,issue,closed,completed,,,2018-07-22,Got unknown error from server A|HB|E$,support_question,0.93,duplicate_invalid_spam,0.07
1063,issue,closed,completed,,,2018-07-24,Socket.io sends requests but nothing happens,support_question,0.97,defect_fixed_or_obsolete,0.03
1064,issue,closed,completed,,,2018-07-26,"pod 'Socket.IO-Client-Swift', '~> 13.2.0' installed, but runtime errors.",build_packaging_env,0.67,defect_fixed_or_obsolete,0.23
1065,issue,closed,completed,,,2018-07-26,v9.x update for swift 4 (socket.io 1.0),defect_fixed_or_obsolete,0.8,support_question,0.17
1066,issue,closed,completed,,,2018-08-01,SocketEngine crash,support_question,0.51,defect_fixed_or_obsolete,0.46
1067,issue,closed,completed,,,2018-08-06,Could not connect to the server,support_question,0.94,defect_fixed_or_obsolete,0.02
1068,issue,closed,completed,,,2018-08-06,Connection finished with error code -1004,support_question,0.81,insufficient_evidence,0.14
1069,issue,closed,completed,,,2018-08-08,Could not complie with Objective C project - Xcode 9.4,build_packaging_env,0.92,defect_fixed_or_obsolete,0.07
1070,issue,closed,completed,,unconfirmed,2018-08-10,"ERROR SocketParser: invalidDataArray: 4/caiqiu,,""Invalid namespace""",support_question,0.61,defect_current,0.32
1071,issue,closed,completed,,,2018-08-14,TCP Connection Canceled in CFNetwork while attempting to connect to socket in Siri Intent Extension,support_question,0.89,defect_fixed_or_obsolete,0.07
1072,issue,closed,completed,,,2018-08-16,How to import with Flutter,feature_request,0.56,support_question,0.32
1073,issue,closed,completed,,,2018-08-20,Unable to connect to server after update,support_question,0.95,defect_fixed_or_obsolete,0.04
1074,issue,closed,completed,,question,2018-08-21,How do I achieve a call back using emit function,support_question,1,pr_non_functional,0
1075,issue,closed,completed,,,2018-08-21,SocketEngine not called...,support_question,0.95,defect_fixed_or_obsolete,0.05
1076,issue,open,,,bug|unconfirmed,2018-08-28,How can i fix this kind of crash?(specialized closure #1 in....),defect_current,0.48,insufficient_evidence,0.3
1077,issue,closed,completed,,,2018-08-29,Fail to connect to WebSocket server,support_question,0.98,defect_fixed_or_obsolete,0.02
1078,issue,closed,completed,,bug,2018-08-30,SocketManger.config,defect_fixed_or_obsolete,0.98,defect_current,0.02
1079,pr,closed,,yes,,2018-08-30,v13.3.1,defect_fixed_or_obsolete,0.8,pr_functional,0.19
1080,pr,closed,,yes,,2018-09-03,fix cookies import when create the websocket,pr_functional,0.62,defect_current,0.3
1081,issue,closed,completed,,unconfirmed,2018-09-04,Pod V13.3.0 - Complier Error in Xcode 10 ( beta 10 ),build_packaging_env,0.92,defect_fixed_or_obsolete,0.06
1082,issue,closed,completed,,,2018-09-04,ERRORS AFTER UPDATING SOCKET,duplicate_invalid_spam,0.79,build_packaging_env,0.17
1083,issue,closed,completed,,,2018-09-06,13.3.0  unidentifiable Chinese,defect_fixed_or_obsolete,0.55,support_question,0.21
1084,issue,closed,completed,,,2018-09-07,socket.io连接，获取视频流h264,support_question,0.37,duplicate_invalid_spam,0.26
1085,issue,closed,completed,,,2018-09-07,connect socketIO with options in swift,support_question,1,defect_current,0
1086,issue,closed,completed,,,2018-09-10,Error while connecting back to socket,support_question,0.92,defect_fixed_or_obsolete,0.07
1087,issue,closed,completed,,,2018-09-13,Why does IOS client code use isoLatin1?,support_question,0.92,defect_current,0.04
1088,issue,closed,completed,,,2018-09-13,Invalid namespace,support_question,0.95,defect_fixed_or_obsolete,0.03
1089,issue,closed,completed,,,2018-09-13,Tried connecting socket when engine isn't open. Connecting,support_question,0.99,defect_current,0.01
1090,issue,closed,completed,,,2018-09-14,podspec s.dependency 'Socket.IO-Client-Swift' failed,build_packaging_env,0.98,defect_fixed_or_obsolete,0.01
1091,issue,closed,completed,,,2018-09-17,The socket. on method does not execute,support_question,0.98,defect_current,0.01
1092,issue,closed,completed,,,2018-09-18,Not able to Compile my Xcode Project on xcode 10 Swift 4.2,build_packaging_env,0.96,defect_fixed_or_obsolete,0.04
1093,issue,closed,completed,,,2018-09-21,Thread 3: signal SIGABRT while using SocketIO,build_packaging_env,0.82,defect_fixed_or_obsolete,0.09
1094,issue,closed,completed,,,2018-09-22,Socket Connection is disconnected after app goes to background,support_question,0.94,feature_request,0.04
1095,issue,closed,completed,,unconfirmed,2018-09-27,not able to compile on Xcode10,build_packaging_env,0.99,defect_fixed_or_obsolete,0.01
1096,issue,closed,completed,,enhancement|done,2018-09-28,Feature Request: completion handler for writes,feature_request,1,defect_current,0
1097,pr,closed,,yes,,2018-09-29,Add optional write completion handler for emit's,pr_functional,0.93,defect_current,0.04
1098,issue,closed,completed,,,2018-09-30,"how to connect url like "" ws://123.207.167.163:9010/ajaxchattest """,support_question,1,defect_current,0
1099,issue,closed,completed,,,2018-10-02,"Emit cannot be used, sending will prompt error 503",support_question,0.98,defect_fixed_or_obsolete,0.02
1100,issue,closed,completed,,bug|unconfirmed,2018-10-04,Change connectParams doesn't work,defect_current,0.84,support_question,0.14
1101,issue,closed,completed,,enhancement,2018-10-08,Swift4.2,build_packaging_env,0.84,feature_request,0.09
1102,pr,closed,,no,,2018-10-08,Propagate http header callback from websocket back to client.,pr_functional,0.76,feature_request,0.2
1103,pr,closed,,no,,2018-10-08,Propagate http header callback from websocket back to client.,pr_functional,0.76,feature_request,0.19
1104,issue,closed,completed,,,2018-10-09,使用 cocoapods 安装后，创建的swift 的controller 不能创建,build_packaging_env,0.51,insufficient_evidence,0.2
1105,issue,closed,completed,,enhancement,2018-10-09,Please update Starscream pin to 3.0.6,pr_non_functional,0.81,build_packaging_env,0.14
1106,issue,closed,completed,,,2018-10-10,How to pass custom headers,support_question,1,defect_current,0
1107,issue,closed,completed,,,2018-10-11,the tripartite framework （**socket.io-client-swift**）is error,build_packaging_env,0.97,defect_fixed_or_obsolete,0.03
1108,issue,closed,completed,,,2018-10-16,No such module 'Starscream',build_packaging_env,0.96,support_question,0.03
1109,issue,closed,completed,,,2018-10-16,Unable to get Emit Data from server in Namespace.,support_question,0.82,defect_current,0.09
1110,pr,closed,,yes,,2018-10-17,v13.4.0,pr_functional,0.99,pr_non_functional,0.01
1111,issue,closed,completed,,,2018-10-17,Socket.IO-Client-Swift/SocketIO.modulemap' not found,build_packaging_env,0.98,defect_fixed_or_obsolete,0.02
1112,pr,closed,,yes,,2018-10-17,Propagate http header callback from websocket back to client (rebased),pr_functional,0.99,feature_request,0.01
1113,issue,closed,completed,,,2018-10-18,"Connecting via SocketManager, how to specify resources?",support_question,1,insufficient_evidence,0
1114,issue,closed,completed,,,2018-10-23,Feature request - Option for using web sockets via Network.framework,feature_request,0.97,defect_fixed_or_obsolete,0.03
1115,issue,closed,completed,,wontfix,2018-10-23,No such module found 'CommonCrypto' ->13.3.1 version,build_packaging_env,0.81,defect_fixed_or_obsolete,0.19
1116,issue,closed,completed,,question,2018-10-23,SocketManager(socketURL.. Method not found.,support_question,0.82,defect_fixed_or_obsolete,0.1
1117,issue,closed,completed,,bug|unconfirmed,2018-10-28,Cannot send emoji,defect_fixed_or_obsolete,0.47,support_question,0.4
1118,issue,closed,completed,,,2018-11-07,Optional write completion handler for emit's cause major crashes,defect_current,0.68,defect_fixed_or_obsolete,0.31
1119,pr,closed,,yes,,2018-11-07,Don’t create empty closures when we don’t need them,pr_functional,0.5,defect_fixed_or_obsolete,0.4
1120,issue,closed,completed,,,2018-11-08,Laravel echo,support_question,0.98,defect_current,0.01
1121,issue,closed,completed,,,2018-11-14,No such module CommonCrypto,build_packaging_env,0.94,defect_fixed_or_obsolete,0.05
1122,issue,open,,,,2018-11-14,dyld: Symbol not found: __T0BOWV   error in Xcode 10,build_packaging_env,0.96,defect_fixed_or_obsolete,0.03
1123,pr,closed,,yes,,2018-11-19,Convert to Swift 4.2,build_packaging_env,0.47000000000000003,pr_non_functional,0.32
1124,issue,closed,completed,,,2018-11-21,How to send query params or headers?,support_question,1,insufficient_evidence,0
1125,pr,closed,,no,,2018-11-28,v9.0.2,pr_non_functional,0.72,build_packaging_env,0.13
1126,pr,closed,,yes,,2018-11-28,Swift update,pr_non_functional,0.9,build_packaging_env,0.08
1127,issue,closed,completed,,question,2018-11-29,Event listener manager.defaultSocket.on,support_question,1,insufficient_evidence,0
1128,issue,open,,,question,2018-11-30,Emit and disconnect after emit,support_question,0.99,insufficient_evidence,0.01
1129,issue,open,,,,2018-11-30,Getting socket connected callback before getting confirmation from the server.,support_question,0.95,defect_current,0.05
1130,issue,open,,,question,2018-12-06,socket.emit method will delay a little bit,support_question,0.95,defect_current,0.05
1131,issue,closed,completed,,,2018-12-06,Unable to connect to Socket Node Js,support_question,0.85,defect_fixed_or_obsolete,0.14
1132,issue,closed,completed,,,2018-12-08,Swift Compiler error,build_packaging_env,0.95,defect_fixed_or_obsolete,0.05
1133,issue,closed,completed,,,2018-12-09,Can't use SocketManager,build_packaging_env,0.82,defect_fixed_or_obsolete,0.14
1134,issue,closed,completed,,,2018-12-10,"After the connected,Can only receive one type of data push.",support_question,0.85,defect_fixed_or_obsolete,0.08
1135,issue,open,,,,2018-12-12,Error : no such module 'Starscream',build_packaging_env,0.97,support_question,0.02
1136,issue,open,,,bug|unconfirmed,2018-12-12,Automatically reconnected after disconnect,defect_current,0.71,support_question,0.22
1137,issue,open,,,bug|unconfirmed,2018-12-17,socket event listeners not removing after disconnect in objective c,defect_current,0.88,support_question,0.09
1138,issue,closed,completed,,,2018-12-17,send parameters about connect websocket,support_question,1,defect_current,0
1139,issue,closed,completed,,,2018-12-18,"After reconnecting multiple times, the message can be successfully sent.",defect_fixed_or_obsolete,0.41000000000000003,defect_current,0.35
1140,issue,closed,completed,,,2018-12-26,event handler not called,support_question,0.45,insufficient_evidence,0.25
1141,issue,open,,,,2019-01-02,[__NSMallocBlock__ _fastCStringContents:]: unrecognized selector sent to instance 0x283bfbc30,defect_current,0.9,insufficient_evidence,0.09
1142,issue,open,,,,2019-01-03,"In the process of using it, I received connect monitoring without receiving disconnection monitoring, and many times.",defect_current,0.57,support_question,0.41
1143,issue,open,,,,2019-01-04,Socket Emit Ack false,defect_current,0.68,support_question,0.16
1144,issue,closed,completed,,,2019-01-08,merge-module,insufficient_evidence,0.91,duplicate_invalid_spam,0.08
1145,issue,closed,completed,,,2019-01-08,No such module 'CommonCrypto',build_packaging_env,0.72,defect_fixed_or_obsolete,0.28
1146,issue,closed,completed,,question,2019-01-10,Handling data sent in an array,support_question,1,defect_current,0
1147,issue,closed,completed,,bug|patched,2019-01-11,_SwiftValue appears in objective-c  projects,defect_current,0.62,defect_fixed_or_obsolete,0.38
1148,pr,closed,,yes,,2019-01-11,v14.0.0,pr_functional,0.53,defect_fixed_or_obsolete,0.37
1149,pr,closed,,yes,,2019-01-12,Add configurable exponential backoff,pr_functional,0.99,feature_request,0.01
1150,issue,open,,,enhancement,2019-01-17,Custom parser for iOS app,feature_request,0.96,support_question,0.04
1151,issue,closed,completed,,,2019-01-18,"Socket is disconnected in background while go in foreground show socket status ""connected.""",support_question,0.81,defect_current,0.15
1152,issue,closed,completed,,,2019-01-21,"_SwiftValue appears when focus on socket ""statusChage"" method in OC",defect_fixed_or_obsolete,0.38,duplicate_invalid_spam,0.36
1153,issue,closed,completed,,,2019-01-28,Could not find auto-linked library swift****,build_packaging_env,0.96,defect_fixed_or_obsolete,0.04
1154,issue,open,,,,2019-01-28,connect timeout doesn't called when network is off,defect_current,0.9,support_question,0.09
1155,issue,open,,,,2019-02-02,Value of type 'WebSocket' has no member 'onHttpResponseHeaders',build_packaging_env,0.79,defect_fixed_or_obsolete,0.11
1156,issue,closed,completed,,,2019-02-03,Connect  / disconnect loop,defect_current,0.89,defect_fixed_or_obsolete,0.1
1157,issue,open,,,,2019-02-05,SSL / TLS client certificate authentication,feature_request,1,duplicate_invalid_spam,0
1158,issue,open,,,,2019-02-11,Cannot assign value of type 'SocketIOClient' to type 'SocketIOClient?',build_packaging_env,0.46,support_question,0.32
1159,pr,closed,,yes,,2019-02-11,Call closeOutEngine to clean up after a ping timeout,pr_functional,0.51,defect_fixed_or_obsolete,0.47
1160,issue,closed,completed,,,2019-02-13,Can't build objective-c project,build_packaging_env,0.98,defect_fixed_or_obsolete,0.01
1161,issue,open,,,,2019-02-14,"After each connection, it will be disconnected No rules.",defect_current,0.37,support_question,0.37
1162,issue,open,,,,2019-02-26,"I use this socket. io-client-swift (the latest version of 14.0.0) to do chat function, always appear for a period of time, then the problem of disconnection, God knows what happened?",defect_current,0.49,support_question,0.26
1163,issue,open,,,,2019-02-26,Socket event not connect after disconnect,defect_current,0.77,insufficient_evidence,0.14
1164,issue,open,,,,2019-02-26,compile Error :Type of expression is ambiguous without more context,build_packaging_env,0.79,defect_fixed_or_obsolete,0.14
1165,pr,closed,,yes,,2019-03-05,Enabled allow app extension api only,pr_non_functional,0.9,build_packaging_env,0.08
1166,issue,open,,,,2019-03-06,"in swift ,  on(_:callback:)  EXC_BAD_INSTRUCTION",defect_current,0.41000000000000003,insufficient_evidence,0.39
1167,issue,open,,,,2019-03-15,manager .disconnect () fail,defect_current,0.64,support_question,0.25
1168,issue,open,,,,2019-03-16,When i use emit ack false and data is empty,support_question,0.45,defect_current,0.35
1169,issue,open,,,,2019-03-19,Transports property of configuration options in Android?,feature_request,0.99,support_question,0.01
1170,issue,open,,,,2019-03-19,using websocket chatting doesn't receive right message when not in english,defect_current,0.62,support_question,0.22
1171,issue,open,,,,2019-03-20,found some bug i think in json seralization socketextension str.toarray(),defect_current,0.84,defect_fixed_or_obsolete,0.13
1172,issue,open,,,,2019-03-20,Few events are not called but connection is made properly,defect_current,0.58,support_question,0.24
1173,issue,open,,,,2019-03-22,Large Memory Footprint When Processing Large Messages,defect_current,0.72,support_question,0.15
1175,issue,closed,completed,,,2019-03-26,xcode 10.2 compiling Errors On Simulator,build_packaging_env,0.96,defect_fixed_or_obsolete,0.04
1176,pr,closed,,yes,,2019-03-26,v15,pr_non_functional,0.56,pr_functional,0.32
1177,issue,closed,completed,,bug|patched,2019-03-26,xCode 10.2 + Carthage update = build error,defect_fixed_or_obsolete,0.53,build_packaging_env,0.47
1178,issue,closed,completed,,bug,2019-03-28,Socket emit completion handler not called,defect_fixed_or_obsolete,0.98,defect_current,0.02
1179,pr,closed,,yes,,2019-03-28,v15.1.0,defect_fixed_or_obsolete,0.92,pr_functional,0.08
1180,issue,closed,completed,,unconfirmed,2019-03-28,Unable to connect to the server,support_question,0.98,defect_fixed_or_obsolete,0.01
1181,issue,closed,completed,,,2019-03-28,Carthage build is broken on 13.3.1 version,build_packaging_env,0.86,defect_fixed_or_obsolete,0.13
1182,issue,closed,completed,,,2019-03-29,Unable to install v15,build_packaging_env,0.76,defect_fixed_or_obsolete,0.21
1183,issue,open,,,,2019-03-29,"Client called Connect first, then called Error when server throw next(error). Why connect was still called when server already throw a error?",defect_current,0.9,support_question,0.08
1184,issue,closed,completed,,,2019-04-01,Data size ~ 4MB is taking very long time to emit (~4 Mins).,support_question,0.99,defect_fixed_or_obsolete,0.01
1185,issue,open,,,,2019-04-01,Unstable socket connection,support_question,0.76,defect_current,0.17
1186,issue,closed,completed,,,2019-04-09,Receiving Unicode,defect_fixed_or_obsolete,0.5,support_question,0.28
1187,issue,open,,,,2019-04-12,`Socket.IO-Client-Swift` does not specify a Swift version,build_packaging_env,0.99,defect_fixed_or_obsolete,0.01
1188,issue,open,,,,2019-04-22,i cant connect to socket,insufficient_evidence,0.6,support_question,0.34
1189,issue,closed,completed,,,2019-04-22,Socket constantly showing new connections even when only one client is connected,support_question,0.66,defect_fixed_or_obsolete,0.33
1190,issue,closed,completed,,,2019-04-23,socket connection issue in swift 4,defect_fixed_or_obsolete,0.59,support_question,0.41
1191,issue,open,,,,2019-04-24,Loosing extraHeaders when locking - unlocking device twice,defect_current,0.95,defect_fixed_or_obsolete,0.02
1192,issue,open,,,,2019-04-28,Deprecation warnings from dependency Starscream,build_packaging_env,0.89,defect_fixed_or_obsolete,0.07
1193,issue,open,,,,2019-04-29,handleAck crash,defect_current,0.99,support_question,0.01
1194,issue,open,,,bug,2019-05-02,SocketIOClient Triggers `connect` event too early,defect_current,1,defect_fixed_or_obsolete,0
1195,issue,open,,,,2019-05-04,why do socket.io-client-swift can not send lang message to server,support_question,0.78,insufficient_evidence,0.16
1196,issue,open,,,,2019-05-06,Socket IO with Custom URL not IP address is not connecting,support_question,0.88,insufficient_evidence,0.1
1197,issue,open,,,,2019-05-12,Cannot send message from iOS devices,support_question,0.89,defect_current,0.06
1198,pr,closed,,no,,2019-05-17,Expose SocketIOClient and SocketAnyEvent to objective c,pr_functional,0.73,feature_request,0.21
1199,issue,open,,,,2019-05-27,Socket.IO-Client-Swift  pod not installing with plugin,build_packaging_env,0.89,defect_fixed_or_obsolete,0.11
1200,issue,open,,,,2019-05-29,SocketManager.init failing with config options,defect_current,0.94,build_packaging_env,0.04
1201,issue,closed,completed,,,2019-05-30,Declaration problem,support_question,0.81,docs_gap,0.08
1202,issue,open,,,,2019-05-31,Using Socket.io in extension,build_packaging_env,0.84,support_question,0.15
1203,issue,open,,,,2019-06-03,Object-C Use socketio-swift15.1.0 to output information similar to a timeout,support_question,0.9,defect_current,0.09
1204,issue,open,,,,2019-06-15,HTTP load failed (error code: -1005 [4:-4],support_question,0.6900000000000001,defect_fixed_or_obsolete,0.21
1205,issue,closed,completed,,,2019-06-17,RxSocket.io,feature_request,0.98,duplicate_invalid_spam,0.01
1206,issue,closed,completed,,,2019-06-18,Should update v9.x socket.io 1.0 with swift 5,feature_request,0.58,defect_fixed_or_obsolete,0.39
1207,issue,open,,,,2019-06-19,"Use of undeclared type 'SocketIO' in ""SocketEngine.swift""",build_packaging_env,0.95,insufficient_evidence,0.04
1208,issue,closed,completed,,,2019-06-24,Outgoing port,feature_request,0.64,support_question,0.36
1209,issue,open,,,,2019-06-28,swift3.0upgradeswift4.0SocketIOClientNot connected,defect_fixed_or_obsolete,0.42,support_question,0.39
1210,issue,open,,,,2019-06-28,Static linking for single binary command-line application?,build_packaging_env,0.77,support_question,0.12
1211,issue,closed,completed,,,2019-06-29,SocketStream write error [0x0]: 1 22,insufficient_evidence,0.41000000000000003,defect_fixed_or_obsolete,0.28
1212,issue,open,,,,2019-07-04,The network connection was lost,support_question,0.58,defect_current,0.33
1213,pr,closed,,no,,2019-07-05,Auto detect which protocol to use depend on url scheme,pr_functional,0.77,insufficient_evidence,0.14
1214,pr,closed,,no,,2019-07-05,Auto detect which protocol to use depend on url scheme,pr_functional,0.78,insufficient_evidence,0.13
1215,issue,open,,,,2019-07-07,Apple Watch OS 6 supported with new websocket API?,feature_request,0.96,support_question,0.04
1216,issue,open,,,,2019-07-09,"服务器返回的data中文乱码 ""uname"":""é^X¿ç^Y½"" 如何解决呢",support_question,0.89,defect_current,0.08
1217,issue,open,,,,2019-07-18,服务器返回中文乱码，forcePolling设置为NO后，就第一次接收的消息偶尔为乱码,defect_current,0.79,support_question,0.17
1218,issue,closed,completed,,,2019-07-23,"Dependency ""socket.io-client-swift"" has no shared framework schemes for any of the platforms: Mac",build_packaging_env,0.98,defect_fixed_or_obsolete,0.02
1219,issue,closed,completed,,,2019-07-31,EXC_BAD_ACCESS KERN_INVALID_ADDRESS Crash,defect_current,0.53,defect_fixed_or_obsolete,0.35
1220,issue,closed,completed,,,2019-07-31,My Socket.On() Listeners donot fire but emit works fine,support_question,0.85,defect_current,0.07
1221,issue,closed,completed,,,2019-08-03,SocketIO + SwiftProtobuf,support_question,0.92,feature_request,0.08
1222,issue,closed,completed,,,2019-08-05,Why socket.io-switf is actively maintained and socket.io-java is not?,insufficient_evidence,0.49,support_question,0.36
1223,issue,closed,completed,,,2019-08-09,Causes the URLSession dataTask request to be unresponsive,insufficient_evidence,0.44,defect_current,0.43
1224,issue,closed,completed,,,2019-08-13,Question: Parsing.,support_question,0.88,duplicate_invalid_spam,0.12
1225,issue,closed,completed,,,2019-08-16,update sdk from 8.~ to 15.1.0,build_packaging_env,0.64,defect_current,0.13
1226,issue,closed,completed,,,2019-08-21,swift：disconnect method Can't disconnect from server,insufficient_evidence,0.35000000000000003,defect_current,0.3
1227,issue,open,,,,2019-08-30,Request for a socket.io and socket.io-client-swift compatible versions table.,docs_gap,0.95,support_question,0.04
1228,issue,closed,completed,,,2019-08-30,No such module 'Starscream',build_packaging_env,0.98,support_question,0.02
1229,issue,closed,completed,,,2019-08-30,"can we make video call after connecting to the socket.io, I want to display local candidate screen and remote candidate screen how to make video call in this after connected to socket.io any help would be appreciated  @nuclearace",support_question,0.91,feature_request,0.07
1230,issue,closed,completed,,,2019-09-04,sdp offer send,support_question,0.86,duplicate_invalid_spam,0.12
1231,pr,closed,,yes,,2019-09-07,Fixed endless reconnection loop,defect_fixed_or_obsolete,0.45,pr_functional,0.36
1232,issue,closed,completed,,,2019-09-18,Emit Function not working on some ios devices,support_question,0.38,defect_current,0.32
1233,pr,open,,no,,2019-09-22,Fix connection error handling if the connection state is wrong,defect_current,0.52,pr_functional,0.45
1234,issue,closed,completed,,,2019-09-23,Build failed,build_packaging_env,0.96,support_question,0.03
1235,issue,closed,completed,,,2019-09-23,Tried emitting when not connected,support_question,0.67,duplicate_invalid_spam,0.18
1236,issue,closed,completed,,,2019-09-27,"socket disconnect ,reconnect, error usage",support_question,1,defect_current,0
1237,issue,open,,,,2019-09-28,support for iOS 13 devices,build_packaging_env,0.93,defect_current,0.02
1238,pr,closed,,no,,2019-10-04,Fixed memory leaks in the readme examples.,pr_non_functional,0.93,docs_gap,0.03
1239,issue,closed,completed,,,2019-10-06,crash ：App init (SocketEngine.swift:),defect_current,0.9,defect_fixed_or_obsolete,0.06
1240,issue,closed,completed,,,2019-10-07,Socket.On() Listeners do not fire but emit works fine.,support_question,0.6,defect_fixed_or_obsolete,0.37
1241,pr,closed,,yes,,2019-10-14,Adds missing character for url encoding,defect_fixed_or_obsolete,0.63,pr_functional,0.35
1242,issue,closed,completed,,,2019-10-15,I need open  #1156， this bug,insufficient_evidence,0.55,defect_current,0.23
1243,issue,closed,completed,,,2019-10-15,"I need open  #1156,This bug still exists with `Multiple Reconnect` and `Multiple Connect`",defect_current,0.64,build_packaging_env,0.3
1244,issue,closed,completed,,,2019-10-17,乱码,insufficient_evidence,0.42,support_question,0.26
1245,issue,closed,completed,,,2019-10-17,Entering garbled for the first time,defect_fixed_or_obsolete,0.85,support_question,0.13
1246,pr,closed,,yes,,2019-10-17,v15.2.0,pr_non_functional,0.89,pr_functional,0.08
1247,issue,closed,completed,,,2019-10-17,Foreground service don't stop in iOS,duplicate_invalid_spam,0.54,support_question,0.42
1248,issue,closed,completed,,,2019-10-17,Unable to run socket.io in background mode iOS 13,support_question,0.89,feature_request,0.1
1249,issue,closed,completed,,,2019-10-21,"Version update latest 15.1, swift3.0 update 5.0, link failure",build_packaging_env,0.7,support_question,0.17
1250,issue,closed,completed,,,2019-10-31,"Crash in FoundationStream.write(data:), similar to https://github.com/socketio/socket.io-client-swift/issues/1118",defect_current,0.98,defect_fixed_or_obsolete,0.02
1251,issue,closed,completed,,,2019-11-08,iOS13 15.2.0 Crash!,defect_current,0.88,insufficient_evidence,0.08
1252,issue,closed,completed,,,2019-11-21,Example for getting `timingOut` callback ?,support_question,0.79,docs_gap,0.21
1253,issue,closed,completed,,,2019-11-25,Hello! Can I use this library with Stomp,support_question,0.98,feature_request,0.02
1254,issue,open,,,,2019-11-26,Cannot connect,defect_fixed_or_obsolete,0.26,support_question,0.26
1255,issue,open,,,,2019-11-26,"""Tried emitting when not connected"" while being actually connected",defect_current,0.75,support_question,0.21
1256,issue,closed,completed,,,2019-11-29,SocketEnginePollable parseEngineMessage() crash!,support_question,0.61,defect_fixed_or_obsolete,0.38
1257,issue,open,,,,2019-12-20,socket emitting issue,insufficient_evidence,0.88,support_question,0.07
1258,issue,closed,completed,,enhancement,2020-01-03,Plan to support Starscream v4,feature_request,0.86,defect_fixed_or_obsolete,0.14
1259,issue,open,,,enhancement,2020-01-04,Protobuf,feature_request,0.8,support_question,0.15
1260,issue,open,,,,2020-01-06,server throw IllegalStateException: null when client disconnect,support_question,0.66,defect_fixed_or_obsolete,0.19
1261,issue,open,,,,2020-01-07,connect some question about error,support_question,0.99,defect_current,0.01
1262,issue,open,,,,2020-01-07,No elapsed time (latency) in pong event,defect_current,0.51,feature_request,0.24
1263,issue,open,,,,2020-01-17,SocketIOStatus error,defect_current,0.94,support_question,0.05
1264,issue,open,,,,2020-01-29,Sometime emitting getting failed and seems like socket get stuck on request,defect_current,0.83,insufficient_evidence,0.16
1265,issue,open,,,,2020-01-31,Emit and event listener not working :(,support_question,0.97,insufficient_evidence,0.01
1266,issue,open,,,,2020-02-03,i get data in console but it says ERROR,support_question,0.83,defect_current,0.12
1267,issue,open,,,,2020-02-06,"How to identify which message has ""NO ACK"" in multiple chat messages?",support_question,1,pr_non_functional,0
1268,issue,closed,completed,,,2020-03-09,Can't WSS be used,support_question,0.73,defect_fixed_or_obsolete,0.17
1269,issue,open,,,,2020-03-10,Module 'SocketIO' was not compiled with library evolution support; using it means binary compatibility for framework can't be guaranteed,build_packaging_env,0.99,support_question,0.01
1270,issue,open,,,,2020-03-11,Socket with custom namespace sent event but status is still connecting,defect_current,0.95,support_question,0.05
1271,issue,closed,completed,,,2020-03-12,SocketStringReader read func crash !,defect_fixed_or_obsolete,0.48,support_question,0.46
1272,issue,open,,,,2020-03-12,"receive message in Chinese will be show unrecognizable characters, like ä½ å¥½å^P^W",defect_current,0.54,support_question,0.28
1273,issue,closed,completed,,,2020-03-12,Adding SocketIO via Swift Package Manager,build_packaging_env,0.72,duplicate_invalid_spam,0.13
1274,issue,closed,completed,,,2020-03-19,Token in uri trimmed when trying to connect,defect_fixed_or_obsolete,0.74,support_question,0.17
1275,issue,open,,,,2020-03-25,Can't use  'desiredTrustHostname' and 'overrideTrustHostname' in WebSocketClient?,support_question,0.73,feature_request,0.25
1276,issue,open,,,,2020-03-28,Cocoapods import error,build_packaging_env,0.95,insufficient_evidence,0.03
1277,issue,open,,,,2020-04-01,How to get live comment in Socketio in swift,support_question,1,pr_non_functional,0
1278,issue,closed,completed,,,2020-04-02,"carthage build error: Building for iOS, but the linked framework 'Starscream.framework' was built for macOS",build_packaging_env,0.62,defect_fixed_or_obsolete,0.38
1279,issue,closed,completed,,,2020-04-05,Carthage build failed,duplicate_invalid_spam,0.88,build_packaging_env,0.1
1280,issue,open,,,,2020-04-06,Why do we have to use use_frameworks! in podfile?,build_packaging_env,0.56,support_question,0.42
1281,issue,closed,completed,,,2020-04-20,The “Starscream” has been updated to version 4.0.5. But it was limited to version “3.1”. Could you update this? Thanks 😀,build_packaging_env,0.4,defect_fixed_or_obsolete,0.26
1282,issue,open,,,,2020-04-22,reconnect not disabled after disconnect,defect_current,0.83,support_question,0.12
1283,pr,closed,,no,,2020-04-25,Support carthage for Xcode 11.4,build_packaging_env,0.77,pr_non_functional,0.18
1284,issue,closed,completed,,,2020-05-01,How to pass image with message using this library.,support_question,1,build_packaging_env,0
1285,issue,closed,completed,,,2020-05-04,EXC_BAD_ACCESS KERN_PROTECTION_FAILURE crash on iOS 10,defect_fixed_or_obsolete,0.88,defect_current,0.1
1286,pr,closed,,no,,2020-05-06,Migrated the Socket.IO 1.X build to Swift 5,defect_fixed_or_obsolete,0.7,build_packaging_env,0.15
1287,issue,open,,,,2020-05-12,Base64 encoded images emitting problem,defect_current,0.91,support_question,0.08
1288,issue,open,,,,2020-05-13,xcode 11 socket connect error: tried emitting when not connected,defect_current,0.49,support_question,0.27
1289,issue,open,,,,2020-05-20,Socket Keeps reconnecting,defect_current,0.51,support_question,0.49
1290,issue,open,,,,2020-05-30,Pointer being freed was not allocated | Random Crash,defect_current,0.99,insufficient_evidence,0.01
1291,issue,closed,completed,,,2020-06-09,The associated promise has been destructed prior to the associated state becoming ready.,defect_fixed_or_obsolete,0.43,support_question,0.35
1292,issue,open,,,,2020-06-12,Crash on com.socketio.engineHandleQueue,defect_current,1,pr_functional,0
1293,issue,open,,,,2020-06-17,Emitting in connect event after disconnection,defect_current,0.71,support_question,0.29
1294,issue,closed,completed,,,2020-06-18,Must update v9.x(socket.io) to swift5,defect_fixed_or_obsolete,0.53,build_packaging_env,0.16
1295,issue,closed,completed,,,2020-06-23,Not getting Emit event from server.,support_question,0.65,defect_current,0.15
1296,issue,open,,,,2020-06-23,Xcode 12 Support - Linker issue,build_packaging_env,0.98,defect_fixed_or_obsolete,0.02
1297,issue,open,,,,2020-06-29,Extract namespace and query parameters from SocketManager URL,feature_request,0.97,defect_current,0.02
1298,issue,open,,,,2020-07-23,cannot received correct mixed binary message,defect_current,1,pr_functional,0
1299,issue,closed,completed,,,2020-07-30,How to send nested json in SocketData,support_question,0.98,feature_request,0.02
1300,issue,closed,completed,,,2020-08-24,Socket Error,insufficient_evidence,0.68,support_question,0.13
1301,issue,closed,completed,,,2020-08-24,Handlers not called except for event '.webSocketUpgrade',defect_current,0.8,insufficient_evidence,0.08
1302,issue,closed,completed,,,2020-09-01,Socket.IO not working for swift client to python server,support_question,0.99,defect_fixed_or_obsolete,0.01
1303,issue,closed,completed,,,2020-09-21,Xcode12 mmodule compiled with Swift 5.2.4 cannot be imported by the Swift 5.3 compiler,build_packaging_env,0.78,defect_fixed_or_obsolete,0.18
1304,issue,closed,completed,,,2020-10-02,Question | Does all the socket events work on main thread by default ? What if I don't manually uses handleQueue.,support_question,0.99,defect_current,0.01
1305,issue,closed,completed,,,2020-10-08,Starscream update,build_packaging_env,0.49,pr_non_functional,0.34
1306,issue,open,,,,2020-10-08,build warning: XCode 12 support only IPHONEOS_DEPLOYMENT_TARGET  from 9.0 to 14.0.99,build_packaging_env,0.97,defect_fixed_or_obsolete,0.02
1307,issue,closed,completed,,,2020-11-02,Please upgrade with latest version of Starscream,build_packaging_env,0.43,defect_fixed_or_obsolete,0.17
1308,issue,closed,completed,,enhancement,2020-11-07,socket.io 3,feature_request,0.95,defect_fixed_or_obsolete,0.04
1309,pr,closed,,yes,,2020-11-07,Support socket.io 3 + starscream 4,pr_functional,0.98,feature_request,0.01
1310,issue,closed,completed,,,2020-11-13,Cant connect to server from iOS client but web client is connecting,support_question,0.88,defect_fixed_or_obsolete,0.12
1312,issue,open,,,,2020-11-30,Socket connect callback not gets called and emitted event don't reach to server,support_question,0.6,defect_current,0.29
1313,issue,closed,completed,,,2020-12-03,Socket emit event from client but it never reaches to server,support_question,0.5700000000000001,defect_fixed_or_obsolete,0.43
1314,issue,closed,completed,,,2020-12-11,EIO - Engine.IO url param,defect_fixed_or_obsolete,0.71,support_question,0.19
1315,issue,closed,completed,,,2020-12-14,Using Socket.io with starscream 3.0.5,build_packaging_env,0.6900000000000001,support_question,0.18
1316,issue,closed,completed,,,2020-12-16,Cannot receive emitted events on client,defect_fixed_or_obsolete,0.55,support_question,0.38
1317,issue,closed,completed,,,2020-12-17,How to subscribe a socket channel?,support_question,1,feature_request,0
1318,issue,closed,completed,,,2020-12-22,"Socket-io iOS client says it's connected to server, despite “connection” event not firing on the server",defect_fixed_or_obsolete,0.54,support_question,0.38
1319,issue,closed,completed,,,2020-12-28,"Printing description of callback: expression produced error: error: Execution was interrupted, reason: EXC_BAD_ACCESS (code=EXC_I386_GPFLT). The process has been returned to the state before expression evaluation.",support_question,0.83,defect_current,0.09
1320,pr,open,,no,,2020-12-28,Combine support,pr_functional,0.92,feature_request,0.07
1321,issue,closed,completed,,,2021-01-04,"Can we receive event arguments as a raw string, to parse into a Swift struct using codable",feature_request,0.79,duplicate_invalid_spam,0.15
1322,issue,closed,completed,,,2021-01-04,"Can we receive event arguments as raw strings, to then parse into Swift structs using Codable?",feature_request,0.67,support_question,0.25
1323,issue,open,,,,2021-02-05,Emit parameters wrapped twice,defect_current,0.55,defect_fixed_or_obsolete,0.38
1324,pr,closed,,yes,,2021-02-05,Added client emit methods with array parameters,pr_functional,0.85,defect_fixed_or_obsolete,0.11
1325,issue,open,,,,2021-02-10,"When i use emit ""Ack: false""",support_question,0.51,defect_current,0.48
1326,issue,open,,,,2021-02-11,v16 EXC_BAD_ACCESS,defect_current,0.6,support_question,0.37
1327,issue,open,,,,2021-02-17,Token object arrives as query and not in the correct header,support_question,0.95,defect_current,0.05
1328,issue,closed,completed,,,2021-02-18,Create own socket,support_question,0.98,duplicate_invalid_spam,0.02
1329,issue,open,,,,2021-02-19,"Connection succeeds, even after timeout triggered",defect_current,0.98,defect_fixed_or_obsolete,0.01
1330,issue,open,,,,2021-02-23,Reconnection getting failed on Lock Screen iOS,defect_current,1,defect_fixed_or_obsolete,0
1331,pr,open,,no,,2021-02-23,Add option to disableEventMessageParsing and receive messages as Strings,pr_functional,0.98,feature_request,0.02
1332,issue,open,,,,2021-02-26,Not able to socket disconnect on specific event,support_question,0.93,defect_current,0.04
1333,issue,closed,completed,,,2021-03-02,"Connection always fails with unspecified ""Error""",defect_fixed_or_obsolete,0.58,support_question,0.4
1334,pr,open,,no,,2021-03-02,Update README.md,pr_non_functional,0.8,docs_gap,0.2
1335,pr,closed,,yes,,2021-03-02,Fix typo in 15to16 upgrading notes,pr_non_functional,0.94,defect_fixed_or_obsolete,0.03
1336,issue,open,,,,2021-03-02,Idea: Improve release notes for 16.x (Link to upgrading notes?),docs_gap,1,defect_fixed_or_obsolete,0
1337,issue,closed,completed,,,2021-03-11,Can I change the socketURL after calling `init`,support_question,0.89,insufficient_evidence,0.09
1338,pr,open,,no,,2021-03-25,Updated a example code,pr_non_functional,0.99,docs_gap,0.01
1339,issue,closed,completed,,,2021-03-25,Does this support netty-socketio in backend?,support_question,0.78,feature_request,0.2
1340,pr,closed,,no,,2021-04-01,Merge from original repo,insufficient_evidence,0.76,pr_functional,0.21
1341,issue,open,,,,2021-04-02,SIGTRAP,defect_current,0.98,insufficient_evidence,0.02
1343,issue,open,,,,2021-04-06,build error with master branch on carthage,build_packaging_env,0.94,defect_current,0.05
1344,issue,open,,,,2021-04-07,"Getting ERROR SocketManager: Invalid HTTP upgrade. code=400, type=upgradeError",defect_current,0.92,support_question,0.08
1345,issue,open,,,,2021-04-07,"event socket.on not recieve data, but in log in socket data is recieved",support_question,0.41000000000000003,defect_current,0.31
1346,issue,open,,,,2021-04-09,Crash inside the SocketIOClient,defect_current,0.97,defect_fixed_or_obsolete,0.02
1347,issue,closed,completed,,,2021-04-12,Socket.IO Handling event issue,insufficient_evidence,0.67,duplicate_invalid_spam,0.16
1348,issue,open,,,,2021-04-12,Socket.io got event issue,insufficient_evidence,0.92,support_question,0.04
1349,issue,open,,,,2021-04-13,Just after `connected` socket status become `disconnected`,support_question,0.79,defect_current,0.15
1350,issue,open,,,,2021-04-17,set parameter for handshake.auth.token,support_question,0.93,feature_request,0.04
1351,issue,open,,,,2021-04-26,Date format was changed to timestamp?,support_question,0.8,defect_current,0.19
1352,issue,closed,completed,,,2021-05-04,How to install 16.0.1 version?,build_packaging_env,0.95,support_question,0.04
1353,issue,open,,,,2021-05-06,Socket.io v16.0.0-16.0.1 emit event twice?,defect_current,0.98,insufficient_evidence,0.02
1354,issue,closed,completed,,,2021-05-07,[Need Help] Compatible with server socket.io 0.9.16,support_question,0.54,defect_fixed_or_obsolete,0.46
1355,issue,open,,,bug|in progress,2021-05-07,Socket io server v4 and swift client 16.0.1,support_question,0.62,defect_current,0.32
1356,issue,open,,,,2021-06-08,Fails to build in Xcode 13,build_packaging_env,1,support_question,0
1357,issue,closed,completed,,,2021-06-09,Bug with receiving messages between iOS client and js client,support_question,0.82,defect_fixed_or_obsolete,0.16
1358,issue,open,,,,2021-06-16,Property 'defaultSocket' not found on object of type 'SocketManager *',support_question,0.37,defect_current,0.27
1359,pr,closed,,yes,,2021-06-17,Fix swift warnings,pr_non_functional,0.87,build_packaging_env,0.07
1360,issue,open,,,,2021-07-07,Package resolution Failed in Xcode13 Beta project,build_packaging_env,1,support_question,0
1361,issue,open,,,,2021-07-09,Issue with socket.io v4 and socket.io-client-swift v15.0.0,defect_current,0.49,support_question,0.35
1362,pr,closed,,yes,,2021-07-10,docs: add compatibility table,pr_non_functional,1,support_question,0
1363,issue,open,,,,2021-07-11,Not Receiving Private Events for Subscribed Channels,defect_current,0.64,support_question,0.35
1364,issue,open,,,,2021-07-15,T-mobile Cell Network,support_question,1,defect_current,0
1365,issue,open,,,,2021-07-21,"Add completion handler to SocketIOClient connect, disconnect, and emit methods",feature_request,1,support_question,0
1367,issue,open,,,,2021-07-25,Timeout configuration?,support_question,0.84,feature_request,0.11
1368,issue,closed,completed,,,2021-08-01,Question: Should currentReconnectAttempt reset upon call connect on SocketIOClient or SocketManager,support_question,0.74,defect_current,0.2
1369,issue,closed,completed,,,2021-08-06,"used in Capacitor plugin, get ""App Transport Security has blocked a cleartext HTTP""",support_question,0.93,defect_fixed_or_obsolete,0.05
1370,pr,closed,,no,,2021-08-09,FIX/ObjC-6.0.1-Bridge,defect_fixed_or_obsolete,0.74,pr_functional,0.2
1371,issue,open,,,,2021-08-10,"Emit is not fire in the socket version of the 15.2.0, Latest code of the swift",support_question,0.74,defect_current,0.15
1372,issue,open,,,,2021-08-12,9.0.1 Socketmanager cannot be found,defect_fixed_or_obsolete,0.84,support_question,0.09
1373,issue,open,,,,2021-08-18,Socket.IO pinning certificate not working in v16.x,support_question,0.43,defect_current,0.32
1374,issue,open,,,,2021-08-19,SocketIOClient always return connected status when the internet has shutdown,defect_current,0.66,support_question,0.32
1375,pr,closed,,yes,,2021-08-19,Handling reconnect scenarios properly when socket is hung,pr_functional,0.64,defect_fixed_or_obsolete,0.23
1376,issue,closed,completed,,,2021-08-26,Is the project stop updating?,support_question,0.85,duplicate_invalid_spam,0.1
1377,issue,open,,,,2021-08-30,How to convert SocketAnyEvent to json?,support_question,0.97,feature_request,0.03
1378,issue,closed,completed,,,2021-09-04,SocketIO Connection Problems (Version 4.2.0(NodeJS) and Version 15.2.0),defect_fixed_or_obsolete,0.68,support_question,0.25
1379,issue,closed,completed,,,2021-09-20,V15.2.6 cannot connect to SocketIO server NodeJs 4.1.4,defect_fixed_or_obsolete,0.53,support_question,0.25
1380,issue,open,,,,2021-09-23,Emit doesn't work,defect_current,0.6,support_question,0.3
1381,issue,open,,,,2021-09-24,How to send auth parameters ?,support_question,0.89,feature_request,0.11
1382,issue,open,,,,2021-09-27,I can not connect socket.io server,support_question,0.77,defect_current,0.16
1383,issue,closed,completed,,,2021-10-28,16 as pod,build_packaging_env,0.93,feature_request,0.05
1384,issue,closed,completed,,,2021-10-29,"""connection closed by server. code=1000, type=protocolError""",defect_fixed_or_obsolete,0.84,build_packaging_env,0.08
1385,pr,closed,,yes,,2021-10-30,Added support for Mac Catalyst,pr_functional,0.81,pr_non_functional,0.12
1386,issue,open,,,,2021-11-01,Looking for a unique connection / socket id,support_question,0.81,feature_request,0.19
1387,issue,open,,,,2021-11-03,Connect to server success but cannot connect to channel or listen event to get data.,support_question,0.89,defect_current,0.1
1388,pr,closed,,yes,,2021-11-12,Remove unused var in SocketAckManagerTest.testManagerTimeoutAck,pr_non_functional,1,pr_functional,0
1389,issue,open,,,,2021-12-01,Timestamp sometimes Int and sometimes String,defect_current,0.96,support_question,0.03
1390,issue,closed,completed,,,2021-12-02,"buddy, long time not to update. :-)",duplicate_invalid_spam,0.68,insufficient_evidence,0.24
1391,issue,open,,,,2021-12-03,Compatibility table link does not work,docs_gap,0.92,defect_current,0.04
1392,issue,open,,,,2021-12-09,error with data: [Invalid namespace],support_question,0.56,defect_current,0.44
1393,issue,open,,,,2021-12-16,Emit not working,support_question,0.53,defect_current,0.45
1394,issue,closed,completed,,,2021-12-23,Does socket.io-client-swift include log4j internally?,support_question,0.96,duplicate_invalid_spam,0.02
1395,issue,open,,,,2021-12-27,Could not connect to the server,support_question,0.71,defect_current,0.19
1396,issue,open,,,,2021-12-28,SSL Pinning with URLSessionDelegate doesnt use websocket protocol but uses polling,defect_current,0.6,support_question,0.39
1397,issue,open,,,,2022-01-11,"ios 如何配置https证书？ Invalid HTTP upgrade. code=403, type=upgradeError",support_question,0.98,defect_current,0.02
1398,issue,closed,completed,,,2022-01-19,SocketIO connected but emit not working,defect_current,0.38,support_question,0.36
1400,issue,open,,,,2022-02-05,`WSS` protocol does not trigger secure config,defect_current,0.98,pr_functional,0.02
1401,issue,open,,,,2022-02-09,App crash when connecting to socket,defect_current,0.8,support_question,0.12
1402,issue,closed,completed,,,2022-02-17,reconnect server 90s when socket did not disconnect,support_question,0.74,defect_current,0.18
1403,issue,open,,,,2022-02-24,websocket 重连错误，  guard !status.active else 第一次之后，永远return,defect_current,1,pr_functional,0
1404,issue,open,,,,2022-03-02,"Socket.IO-Client-Swift  version is 15.2 but connect server of socket.io version4.4.1 ,connect error",defect_current,0.56,defect_fixed_or_obsolete,0.22
1405,issue,open,,,,2022-03-16,I have this issue on xcode 13.3,insufficient_evidence,0.77,build_packaging_env,0.16
1406,issue,closed,completed,,,2022-03-19,Is the latest socket.io-client-swift no longer support Objective-C?,support_question,0.91,defect_fixed_or_obsolete,0.05
1407,issue,open,,,,2022-03-22,How to ignore domain name verification,support_question,1,pr_functional,0
1408,issue,closed,completed,,,2022-03-26,It is really can NOT work,duplicate_invalid_spam,0.46,defect_current,0.17
1409,issue,open,,,,2022-04-15,extraHeaders missing,support_question,0.91,defect_fixed_or_obsolete,0.07
1410,pr,closed,,yes,,2022-04-18,Fixed build phases order in target,build_packaging_env,0.78,pr_non_functional,0.18
1411,issue,open,,,,2022-04-24,Please support Objective-C,feature_request,1,pr_functional,0
1412,issue,open,,,,2022-05-03,Does v16 of swift client supports nodejs socket io server v4?,support_question,0.97,insufficient_evidence,0.02
1413,issue,open,,,,2022-05-31,Socket call in background - iOS - Swift,support_question,0.75,defect_current,0.13
1414,issue,closed,completed,,,2022-06-08,Any plans to release v16?,defect_fixed_or_obsolete,0.36,support_question,0.32
1415,issue,open,,,,2022-06-14,Socket `disconnect` not fired when device loses network,defect_current,1,pr_functional,0
1416,issue,open,,,enhancement|in progress,2022-06-28,Swift 6 Rewrite,feature_request,0.98,insufficient_evidence,0.02
1417,issue,open,,,,2022-07-12,SocketClient deinit never called.,defect_current,0.55,support_question,0.44
1418,issue,closed,completed,,,2022-07-12,This library is pointless. RIP socket.io-client-swift.,duplicate_invalid_spam,0.98,insufficient_evidence,0.02
1419,pr,closed,,yes,,2022-07-12,Development,pr_functional,0.4,pr_non_functional,0.39
1420,pr,closed,,yes,,2022-07-26,Add option to allow the use of URLSessionWebSocketTask in WebSocket client.,pr_functional,0.97,feature_request,0.03
1421,issue,open,,,,2022-07-26,"Crash when using '<', '>', '\' in connectParams",defect_current,0.98,insufficient_evidence,0.02
1422,issue,open,,,,2022-08-04,Connecting to the server with nginx load balancer sends socket.io iOS client into reconnection spiral,defect_current,1,pr_functional,0
1423,issue,open,,,,2022-08-14,Behaviour change: connect on manager,docs_gap,0.71,support_question,0.26
1424,issue,open,,,,2022-08-22,Socket .on method is not calling until I emit anything,defect_current,0.66,support_question,0.3
1425,issue,open,,,,2022-08-23,why using this lib don not connect and send message to server,support_question,0.66,insufficient_evidence,0.31
1426,issue,closed,completed,,,2022-09-15,Build for distribution,build_packaging_env,0.85,duplicate_invalid_spam,0.1
1427,issue,open,,,,2022-09-16,ERROR: Property 'defaultSocket' not found on object of type 'SocketManager *',defect_current,0.68,support_question,0.13
1428,issue,open,,,,2022-09-16,Doing Polling issue from swift client when using v4.5.2 socket.IO in a node.js server,defect_current,0.6900000000000001,support_question,0.31
1429,issue,open,,,,2022-10-01,Could not connect to server,support_question,0.6,defect_current,0.28
1430,issue,closed,completed,,,2022-10-10,Fix SwiftUI Previews (support arm64 on simulators),defect_fixed_or_obsolete,0.5,build_packaging_env,0.45
1431,issue,open,,,,2022-11-17,Unable to receive data send by the server on connect,support_question,0.71,defect_current,0.26
1432,issue,open,,,,2023-01-09,Issue compiling with xcode 14,build_packaging_env,0.81,insufficient_evidence,0.17
1433,issue,open,,,,2023-01-15,Cocapod issue,build_packaging_env,0.74,defect_current,0.18
1434,issue,open,,,,2023-01-16,issue Compiling with xcode 14.2 / swift version 5.7.2,build_packaging_env,0.95,defect_fixed_or_obsolete,0.05
1435,issue,open,,,,2023-02-06,Is there a new version release plan?,support_question,0.6,build_packaging_env,0.32
1436,pr,closed,,no,,2023-02-16,Fix documentation error,pr_non_functional,0.81,docs_gap,0.17
1437,pr,closed,,yes,,2023-03-10,Typo in README example code,pr_non_functional,0.85,docs_gap,0.13
1438,issue,open,,,,2023-03-27,"How to get the underlying `NSError` object in an `on:callback:` for event type error, which is printed in the debug console?",feature_request,0.96,support_question,0.03
1439,issue,open,,,,2023-04-02,你能支持oc，16.0.1吗 when I add @objc to emitWithAck  warning：Method cannot be marked @objc because it has a variadic parameter  I can't swift，sorry,feature_request,0.37,build_packaging_env,0.22
1440,issue,open,,,,2023-04-13,Connection took too much time on low bandwidth internet,support_question,0.65,defect_current,0.32
1441,issue,open,,,,2023-04-23,Fastify Plugin - iOS upgrade to websockets fails,support_question,0.66,defect_current,0.34
1442,issue,open,,,,2023-04-24,Connection Speed Discrepancy Between iOS and Android Libraries,support_question,0.87,defect_current,0.12
1443,pr,closed,,no,,2023-04-25,Fix Internet switch cases by adding the case of viabilityChanged,pr_functional,0.53,defect_current,0.35
1444,pr,open,,no,,2023-04-25,Fix the network switch cases by adding case for  .viabilityChanged(is…,pr_functional,0.6,defect_current,0.35
1445,issue,open,,,,2023-05-23,Why can't I find a single tutorial or sample that ACTUALLY WORKS with socket io?,support_question,0.49,docs_gap,0.44
1446,issue,closed,completed,,,2023-06-08,Can't receive events,support_question,0.86,defect_fixed_or_obsolete,0.13
1447,pr,closed,,yes,,2023-06-24,Disabled `Bitcode` for `Xcode 14`,pr_non_functional,0.51,build_packaging_env,0.47
1448,pr,closed,,yes,,2023-06-24,Add support for `xrOS`,pr_non_functional,0.44,pr_functional,0.29
1449,issue,open,,,,2023-08-14,SocketIOClientOption.cookies ignored in Starscream with HTTPCookieStorage,docs_gap,0.51,defect_current,0.47
1450,issue,closed,completed,,,2023-08-20,starscream version (4.0.6),defect_fixed_or_obsolete,0.51,build_packaging_env,0.45
1451,pr,closed,,yes,,2023-08-21,Fix Starscream to version 4.0.4,pr_non_functional,0.86,build_packaging_env,0.12
1452,pr,closed,,no,,2023-08-22,fix for cocoa pod version,pr_non_functional,0.66,build_packaging_env,0.24
1453,issue,closed,completed,,,2023-08-24,"Error: compiling for iOS 10.0, but module 'Starscream' has a minimum deployment target of iOS 11.0",defect_fixed_or_obsolete,0.51,build_packaging_env,0.49
1454,issue,closed,completed,,,2023-08-28,New release to solve the Starscream compile issue,defect_fixed_or_obsolete,0.65,build_packaging_env,0.28
1455,issue,open,,,,2023-08-31,Socket io gives a connection error when connecting back from going to background,defect_current,0.91,support_question,0.06
1456,issue,open,,,,2023-09-07,How to emit Audio Data to the Socket IO,support_question,1,pr_functional,0
1457,issue,open,,,,2023-09-07,How to Read ByteAarray Data received my Socket IO,support_question,0.99,defect_current,0.01
1458,issue,open,,,,2023-09-12,getting compilaton error,insufficient_evidence,0.77,build_packaging_env,0.23
1459,issue,open,,,,2023-09-19,"Socket.IO-Client-Swift version 16 Crash on iOS 16, built with Xcode 15",defect_current,0.97,build_packaging_env,0.03
1460,issue,open,,,,2023-10-22,Does the library support socks proxy?,support_question,0.6,feature_request,0.4
1461,issue,open,,,,2023-10-29,Reconnect Auth Behavior,support_question,0.97,feature_request,0.02
1462,issue,closed,completed,,,2023-11-02,socket.emitWithAck(...)timingOut(...) timeout callback never called,defect_fixed_or_obsolete,0.89,defect_current,0.11
1463,pr,closed,,yes,,2023-11-10,fix never running timingOut due to weak self capture,defect_fixed_or_obsolete,0.55,pr_functional,0.37
1464,pr,closed,,yes,,2023-11-13,v16.1.1,pr_functional,0.6,defect_current,0.15
1465,pr,closed,,no,,2023-11-17,Update Socket.IO-Client-Swift.podspec,pr_non_functional,0.52,insufficient_evidence,0.38
1466,issue,open,,,,2023-11-20,LOG SocketManager: Tried connecting an already active socket,defect_current,0.83,support_question,0.17
1467,pr,closed,,yes,,2023-11-21,Xcode 15 support,build_packaging_env,0.8,pr_non_functional,0.19
1468,issue,closed,completed,,,2023-12-03,"Cannot connect to server, when android client can connect",support_question,0.82,defect_fixed_or_obsolete,0.17
1469,issue,open,,,,2023-12-07,Privacy Manifest,support_question,0.83,build_packaging_env,0.09999999999999999
1470,issue,open,,,,2023-12-23,Potential Memory Management Issue with emitWithAck and timingOut(after:),defect_current,0.55,defect_fixed_or_obsolete,0.41
1471,issue,open,,,,2023-12-28,How can i use SocketIO without Rosetta on Apple Silicon,build_packaging_env,0.74,support_question,0.25
1472,issue,open,,,,2024-01-24,"Compiling for iOS 10.0, but module 'Starscream' has a minimum deployment target of iOS 12.0",build_packaging_env,0.99,defect_fixed_or_obsolete,0.01
1473,pr,closed,,no,,2024-02-02,Improved websocket reconnection logic,pr_functional,0.82,defect_current,0.06
1474,pr,closed,,no,,2024-02-05,SocketAckStatus refractor,pr_non_functional,0.89,docs_gap,0.11
1475,issue,open,,,,2024-03-03,Socket didn't send or get any Ping Pong Events,support_question,0.68,defect_current,0.31
1476,pr,closed,,no,,2024-03-08,Thread safe handlers,pr_functional,0.59,defect_current,0.37
1477,issue,open,,,,2024-03-13,Implement Connection State Recovery,feature_request,1,defect_current,0
1478,issue,open,,,,2024-03-15,Starscream version (4.0.8),build_packaging_env,0.93,pr_non_functional,0.07
1479,issue,open,,,,2024-03-17,Socket not connecting,support_question,0.83,defect_current,0.13
1480,issue,open,,,,2024-03-17,Volatile events,support_question,0.9400000000000001,feature_request,0.06
1481,issue,open,,,,2024-03-18,"Compiling for iOS 11.0, but module 'Starscream' has a minimum deployment target of iOS 12.0",build_packaging_env,0.99,defect_fixed_or_obsolete,0.01
1482,pr,closed,,yes,,2024-03-18,Bump minimum deployment target to iOS 12 to match Starscream dependency,build_packaging_env,0.72,pr_non_functional,0.25
1483,pr,open,,no,,2024-03-19,Use correct default socket path. Use native engine of StarScream,pr_functional,0.79,defect_current,0.21
1484,issue,open,,,,2024-03-19,Keep listening socket when user enters background,support_question,0.9400000000000001,feature_request,0.06
1485,issue,open,,,,2024-03-20,"Compiling for iOS 11.0, but module 'Starscream' has a minimum deployment target of iOS 12.0",build_packaging_env,0.95,duplicate_invalid_spam,0.04
1486,pr,closed,,no,,2024-03-21,Update Starscream to v4.0.8,pr_non_functional,0.67,build_packaging_env,0.32
1487,pr,closed,,no,,2024-03-22,Update Starscream to v4.0.8,pr_non_functional,0.54,duplicate_invalid_spam,0.27
1488,pr,open,,no,,2024-04-22,bump: ios_deployment target to 12.0 for starscream dependency in cocoapods,build_packaging_env,0.79,pr_non_functional,0.17
1489,issue,open,,,,2024-05-08,emitWithAck returning No ACK,support_question,0.7,defect_current,0.25
1490,issue,closed,completed,,,2024-05-09,Why Starscream v4.0.8,support_question,0.39999999999999997,build_packaging_env,0.2
1491,pr,closed,,yes,,2024-05-09,Fix the issue where it takes over 60 seconds to close the socket after a network disconnection,defect_fixed_or_obsolete,0.58,pr_functional,0.35
1492,pr,closed,,yes,,2024-05-14,Support Privacy Manifest: bump Starscream package version to upToNextMajor 4.0.8,pr_non_functional,0.66,build_packaging_env,0.32
1493,issue,open,,,,2024-05-21,Is there a logic in connect(withPayload: ) that automatically wraps dict into auth:dict?,support_question,0.99,docs_gap,0.01
1494,pr,open,,no,,2024-06-11,fix: 升级依赖,pr_non_functional,0.78,insufficient_evidence,0.11
1495,issue,open,,,,2024-06-13,[iOS] SocketEngine does not conform to protocol WebSocketDelegate,build_packaging_env,0.71,defect_current,0.27
1496,issue,open,,,,2024-06-20,"Binary data in base64 encoding (Polling) is not padded, causing compatibility issue with other SocketIO clients/servers",defect_current,0.99,feature_request,0.01
1497,issue,open,,,,2024-07-11,Socket stopped listening event after 30 to 40 mins,defect_current,0.71,support_question,0.19
1498,issue,open,,,,2024-08-01,"""The operation couldn’t be completed. (SocketIO.EngineError error 0.)""",defect_current,0.45,support_question,0.39
1499,pr,closed,,no,,2024-09-03,Development,insufficient_evidence,0.45,pr_functional,0.27
1500,issue,open,,,,2024-09-30,.forceWebsockets(true) has issues with reconnect,defect_fixed_or_obsolete,0.64,defect_current,0.23
1501,issue,open,,,,2024-10-03,Request time out,support_question,0.85,defect_current,0.12
1502,issue,open,,,,2024-10-17,ERROR SocketManager: The operation couldn’t be completed. (xxxx.EngineError error 0.),defect_current,0.86,support_question,0.07
1503,issue,open,,,,2024-10-29,请问支持wss直连吗？,support_question,0.86,insufficient_evidence,0.14
1504,issue,closed,completed,,,2024-11-15,Can't connect Socket in ios Swift,support_question,0.97,defect_fixed_or_obsolete,0.03
1505,issue,open,,,,2024-11-18,Compatible page 404,docs_gap,0.94,insufficient_evidence,0.02
1506,issue,open,,,,2024-12-09,What is the proper way to update `connectPayload` on reconnection?,feature_request,0.79,support_question,0.2
1507,issue,open,,,,2024-12-12,Timeout or way to cancel `socketClient.once()` so that `.once()` can be safely wrapped in a `withCheckedContinuation` swift async block,feature_request,0.95,support_question,0.03
1508,pr,open,,no,,2024-12-17,Fix crash after concurent modification of acks Set.,defect_current,0.72,pr_functional,0.28
1509,issue,open,,,,2024-12-30,handleAck crash in V16.1.1,defect_current,1,pr_functional,0
1511,pr,open,,no,,2025-01-09,Android,pr_functional,0.47,insufficient_evidence,0.45
1512,issue,open,,,,2025-01-12,Any message incuding slash will be added escape character after calling emit,defect_current,0.92,support_question,0.08
1513,issue,open,,,,2025-01-28,Socket is not getting connect when coming from background to foreground,defect_current,0.82,support_question,0.13
1514,issue,open,,,,2025-01-31,Does socket.ios-client-swift 16+ support socket.io server version 4.0+?,support_question,0.99,feature_request,0.01
1515,issue,open,,,,2025-02-10,Switching between Wi-fi to cellular,support_question,0.79,defect_current,0.16
1517,issue,open,,,,2025-02-12,Socket IO Endless Connection and Disconnection when using AWS Load Balancer with 2 Nodes(Task),support_question,0.91,defect_fixed_or_obsolete,0.08
1518,pr,open,,no,,2025-02-12,fix: wss secure,pr_functional,0.46,insufficient_evidence,0.3
1519,issue,open,,,,2025-03-05,Xcode 16/ iOS18 Compatibility check,support_question,0.84,build_packaging_env,0.15
1520,pr,open,,no,,2025-05-21,Adding missing error event,defect_current,0.67,pr_functional,0.27
1521,pr,open,,no,,2025-05-21,Adding an option to ignore httpCookieStorage Cookies,pr_functional,0.82,feature_request,0.18
1522,issue,closed,completed,,,2025-07-02,Pod Dependency Not Resolving in KMP Project via build.gradle,build_packaging_env,0.95,defect_fixed_or_obsolete,0.04
1523,issue,open,,,,2025-08-02,【Xcode】The code signature version is no longer supported.,build_packaging_env,1,pr_functional,0
1524,pr,open,,no,,2025-08-06,Fix memory leak of URLSession in SocketEngine,defect_current,0.95,pr_functional,0.05
1525,pr,open,,no,,2025-12-04,Add socketio connection state recovery,pr_functional,0.64,feature_request,0.33
1526,pr,closed,,no,,2026-04-24,Phase 1: SocketIOClientOption.autoConnect,duplicate_invalid_spam,0.78,pr_functional,0.14
