number,kind,state,merged,topic,created,labels,title,s1_top,status,p_status,status_second,p_status_second,tested,p_tested,priority,priority_score,priority_raw,evidence,batch,state_chars
2,issue,closed,,other,2015-03-11,enhancement,Add CocoaPods support,build_packaging_env,not_applicable,0.86,still_applicable,0.13,False,0.03,Routine,0.02,"{""0"": 0.99, ""1"": 0.01, ""2"": 0, ""3"": 0}",CHANGELOG.md:3,s2a-batch-14,25197
3,issue,closed,,engine_transport,2015-03-11,enhancement,Maybe use Starscream instead ?,feature_request,not_applicable,0.98,already_addressed,0.02,False,0.03,Routine,0.02,"{""0"": 0.99, ""1"": 0.01, ""2"": 0, ""3"": 0}",README.md:5,s2a-batch-08,29335
5,issue,closed,,api_config,2015-03-11,,Objective-C support,feature_request,not_applicable,0.98,already_addressed,0.01,False,0.03,Routine,0.03,"{""0"": 0.98, ""1"": 0.02, ""2"": 0, ""3"": 0}",CHANGELOG.md:150,s2a-batch-03,17608
12,issue,closed,,api_config,2015-03-15,enhancement|patched,Actual logging option,feature_request,already_addressed,1,matches_js_client,0,True,0.82,Routine,0.05,"{""0"": 0.96, ""1"": 0.04, ""2"": 0, ""3"": 0}",Source/SocketIO/Util/SocketLogger.swift:28,s2a-batch-03,17608
17,issue,closed,,api_config,2015-03-17,enhancement|patched,authorization query,feature_request,already_addressed,0.77,matches_js_client,0.22,True,0.91,Routine,0.19,"{""0"": 0.83, ""1"": 0.16, ""2"": 0.01, ""3"": 0}",Tests/TestSocketIO/SocketQueryOptionTest.swift:30,s2a-batch-03,17608
18,pr,closed,no,ack,2015-03-18,,updated parsing to better handle acks,pr_functional,already_addressed,0.99,not_applicable,0.01,False,0.42,Routine,0.47,"{""0"": 0.66, ""1"": 0.24, ""2"": 0.08, ""3"": 0.02}",Source/SocketIO/Parse/SocketParsable.swift:158,s2a-batch-01,23628
22,issue,closed,,other,2015-03-19,on hold,"Event on ""connect"" not called",defect_current,matches_js_client,0.71,already_addressed,0.14,False,0.04,Important,0.88,"{""0"": 0.3, ""1"": 0.53, ""2"": 0.16, ""3"": 0.01}",Source/SocketIO/Client/SocketIOClient.swift:526,s2a-batch-14,25197
25,issue,closed,,api_config,2015-03-24,enhancement|patched,Remove event handler function missing,feature_request,already_addressed,1,matches_js_client,0,True,0.93,Routine,0.37,"{""0"": 0.66, ""1"": 0.32, ""2"": 0.02, ""3"": 0}",Source/SocketIO/Client/SocketIOClientSpec.swift:245,s2a-batch-03,17608
28,pr,closed,no,other,2015-03-26,,Carthage Support,build_packaging_env,not_applicable,0.74,still_applicable,0.24,False,0.03,Routine,0.02,"{""0"": 0.99, ""1"": 0.01, ""2"": 0, ""3"": 0}",CHANGELOG.md:3,s2a-batch-14,25197
36,issue,closed,,engine_transport,2015-03-27,bug|patched,Client connecting multiple times  when proxied through nginx,defect_fixed_or_obsolete,already_addressed,0.64,matches_js_client,0.33,False,0.04,Important,1.24,"{""0"": 0.08, ""1"": 0.6, ""2"": 0.31, ""3"": 0.01}",CHANGELOG.md:85,s2a-batch-08,29335
38,issue,closed,,api_config,2015-03-29,enhancement|need input,Rework Objective-C API,feature_request,not_applicable,1,matches_js_client,0,False,0.03,Routine,0.01,"{""0"": 0.99, ""1"": 0.01, ""2"": 0, ""3"": 0}",CHANGELOG.md:150,s2a-batch-03,17608
45,issue,closed,,threading_memory,2015-04-07,enhancement|patched,emit error event when the socket is denied by the server.,defect_fixed_or_obsolete,already_addressed,0.67,matches_js_client,0.33,True,0.92,High,1.45,"{""0"": 0.14, ""1"": 0.36, ""2"": 0.42, ""3"": 0.08}",Tests/TestSocketIO/E2E/JSParityE2ETest.swift:108,s2a-batch-23,28648
48,issue,closed,,reconnect,2015-04-09,unconfirmed,Multiple reconnection attempts triggers multiple disconnection events,defect_current,already_addressed,0.69,matches_js_client,0.3,False,0.05,Routine,0.57,"{""0"": 0.51, ""1"": 0.42, ""2"": 0.07, ""3"": 0}",Source/SocketIO/Manager/SocketManager.swift:609,s2a-batch-19,27100
54,issue,closed,,engine_transport,2015-04-17,enhancement|patched,Using this client with self signed certificates,feature_request,still_applicable,0.57,already_addressed,0.2,False,0.06,Routine,0.5,"{""0"": 0.57, ""1"": 0.36, ""2"": 0.06, ""3"": 0.01}",Source/SocketIO/Security/SocketTLSConfiguration.swift:16,s2a-batch-08,29335
65,issue,closed,,engine_transport,2015-04-27,enhancement,Allow option to specify custom socket.io url path.,feature_request,already_addressed,0.89,matches_js_client,0.11,True,0.55,Routine,0.29,"{""0"": 0.73, ""1"": 0.26, ""2"": 0.01, ""3"": 0}",Source/SocketIO/Client/SocketIOClientOption.swift:131,s2a-batch-08,29335
66,issue,closed,,engine_transport,2015-04-27,enhancement|patched,forceWebsockets and cookies,feature_request,already_addressed,0.84,matches_js_client,0.1,False,0.07,Important,0.68,"{""0"": 0.36, ""1"": 0.6, ""2"": 0.04, ""3"": 0}",Source/SocketIO/Engine/SocketEngineSpec.swift:245,s2a-batch-08,29335
67,issue,closed,,reconnect,2015-04-27,help wanted|question,won't reconnect when the app come back from background,support_question,not_applicable,0.87,still_applicable,0.08,False,0.03,Important,0.83,"{""0"": 0.29, ""1"": 0.6, ""2"": 0.11, ""3"": 0}",none,s2a-batch-19,27100
79,issue,closed,,namespace,2015-05-11,unconfirmed,Issue with namespaces,support_question,not_applicable,0.98,already_addressed,0.01,False,0.05,Routine,0.02,"{""0"": 0.99, ""1"": 0.01, ""2"": 0, ""3"": 0}",Source/SocketIO/Client/SocketIOClient.swift:121,s2a-batch-13,24483
83,issue,closed,,api_config,2015-05-14,unconfirmed,event is emited twice,defect_current,insufficient_evidence,0.99,not_applicable,0.01,False,0.03,Important,0.78,"{""0"": 0.37, ""1"": 0.49, ""2"": 0.13, ""3"": 0.01}",none,s2a-batch-03,17608
86,issue,closed,,other,2015-05-26,question,CocoaPods Setup,build_packaging_env,not_applicable,0.85,still_applicable,0.14,False,0.03,Routine,0.01,"{""0"": 1, ""1"": 0, ""2"": 0, ""3"": 0}",CHANGELOG.md:3,s2a-batch-14,25197
88,issue,closed,,reconnect,2015-05-27,unconfirmed,won't reconnect when app gets suspended in background,defect_current,not_applicable,1,still_applicable,0,False,0.03,Routine,0.38,"{""0"": 0.68, ""1"": 0.27, ""2"": 0.04, ""3"": 0.01}",Documentation/NativeWebSocketTransport.md:7,s2a-batch-19,27100
89,issue,closed,,threading_memory,2015-05-29,bug|wontfix|unconfirmed,Memory Leaks,defect_current,not_applicable,0.51,insufficient_evidence,0.24,False,0.03,Important,1.41,"{""0"": 0.05, ""1"": 0.5, ""2"": 0.43, ""3"": 0.02}",README.md:8,s2a-batch-23,28648
93,issue,closed,,threading_memory,2015-06-06,,WebSocket never deinit'd if close is not called,defect_current,already_addressed,0.92,still_applicable,0.05,False,0.04,Important,1.01,"{""0"": 0.19, ""1"": 0.62, ""2"": 0.18, ""3"": 0.01}",Source/SocketIO/Engine/SocketEngine.swift:232,s2a-batch-23,28648
101,issue,closed,,reconnect,2015-06-19,unconfirmed,Connection is connected again and again,defect_current,not_applicable,0.95,already_addressed,0.03,False,0.03,Routine,0.33,"{""0"": 0.72, ""1"": 0.24, ""2"": 0.04, ""3"": 0}",Source/SocketIO/Engine/SocketEngine.swift:823,s2a-batch-19,27100
106,issue,closed,,api_config,2015-06-28,help wanted|question,make a slight change to the README,docs_gap,not_applicable,0.98,already_addressed,0.01,False,0.03,Routine,0.01,"{""0"": 0.99, ""1"": 0.01, ""2"": 0, ""3"": 0}",CHANGELOG.md:3,s2a-batch-03,17608
109,issue,closed,,threading_memory,2015-07-03,unconfirmed,closeWithFast Crash on Mavericks,defect_current,not_applicable,0.62,insufficient_evidence,0.37,False,0.04,Routine,0.49,"{""0"": 0.59, ""1"": 0.33, ""2"": 0.07, ""3"": 0.01}",README.md:8,s2a-batch-23,28648
110,issue,closed,,reconnect,2015-07-03,bug|patched,The socket is trying to reconnect after closeWithFast call,defect_current,not_applicable,0.69,already_addressed,0.3,False,0.19,Routine,0.56,"{""0"": 0.51, ""1"": 0.44, ""2"": 0.05, ""3"": 0}",Source/SocketIO/Manager/SocketManager.swift:465,s2a-batch-19,27100
112,pr,closed,no,api_config,2015-07-06,,emit dictionary in Objective-C,pr_functional,not_applicable,0.96,already_addressed,0.03,False,0.16,Routine,0.01,"{""0"": 0.99, ""1"": 0.01, ""2"": 0, ""3"": 0}",CHANGELOG.md:150,s2a-batch-03,17608
128,issue,closed,,engine_transport,2015-07-27,,Crash in WebSocket.swift iOS 8.4,defect_fixed_or_obsolete,not_applicable,1,matches_js_client,0,False,0.03,Routine,0.29,"{""0"": 0.79, ""1"": 0.15, ""2"": 0.04, ""3"": 0.02}",README.md:5,s2a-batch-08,29335
135,issue,closed,,threading_memory,2015-08-05,enhancement|patched,Threading Documentation,docs_gap,already_addressed,1,matches_js_client,0,False,0.16,Routine,0.35,"{""0"": 0.68, ""1"": 0.29, ""2"": 0.03, ""3"": 0}",README.md:754,s2a-batch-23,28648
139,issue,closed,,threading_memory,2015-08-06,,Closing socket,support_question,still_applicable,0.49,insufficient_evidence,0.34,False,0.04,Important,0.62,"{""0"": 0.43, ""1"": 0.52, ""2"": 0.05, ""3"": 0}",Source/SocketIO/Client/SocketIOClient.swift:583,s2a-batch-23,28648
144,pr,closed,no,reconnect,2015-08-15,,Clear waiting data on reconnect (like JS does),pr_functional,matches_js_client,0.96,still_applicable,0.03,False,0.29,Routine,0.12,"{""0"": 0.91, ""1"": 0.07, ""2"": 0.02, ""3"": 0}",Source/SocketIO/Client/SocketIOClient.swift:186,s2a-batch-19,27100
149,issue,closed,,engine_transport,2015-08-25,,Crashed: com.apple.root.default-qos EXC_BAD_ACCESS 0x17d884ea,defect_fixed_or_obsolete,not_applicable,0.99,already_addressed,0.01,False,0.02,Routine,0.84,"{""0"": 0.48, ""1"": 0.27, ""2"": 0.16, ""3"": 0.09}",README.md:5,s2a-batch-08,29335
159,pr,closed,no,api_config,2015-09-04,,Fix secure option issue,pr_functional,already_addressed,0.77,matches_js_client,0.16,False,0.24,Important,0.7,"{""0"": 0.4, ""1"": 0.5, ""2"": 0.09, ""3"": 0.01}",Source/SocketIO/Client/SocketIOClientOption.swift:150,s2a-batch-04,37856
166,issue,closed,,threading_memory,2015-09-08,bug,Client crashes when event name is not a string,defect_current,already_addressed,0.9,matches_js_client,0.06,False,0.36,Important,1.01,"{""0"": 0.26, ""1"": 0.5, ""2"": 0.2, ""3"": 0.04}",Source/SocketIO/Parse/SocketParsable.swift:190,s2a-batch-23,28648
188,issue,closed,,engine_transport,2015-09-21,bug|patched,[ERROR] SocketIOClient: Invalid HTTP upgrade,defect_fixed_or_obsolete,not_applicable,0.99,already_addressed,0.01,False,0.03,Routine,0.4,"{""0"": 0.7, ""1"": 0.22, ""2"": 0.06, ""3"": 0.02}",README.md:886,s2a-batch-08,29335
190,issue,closed,,namespace,2015-09-23,enhancement|wontfix,Q: Do namespaces reuse the existing connection?,feature_request,already_addressed,0.72,matches_js_client,0.28,True,0.9,Routine,0.32,"{""0"": 0.73, ""1"": 0.23, ""2"": 0.04, ""3"": 0}",Source/SocketIO/Manager/SocketManager.swift:34,s2a-batch-13,24483
193,issue,closed,,threading_memory,2015-09-25,,Possible crash when closing connection,defect_current,already_addressed,1,still_applicable,0,True,0.64,High,1.76,"{""0"": 0.05, ""1"": 0.28, ""2"": 0.54, ""3"": 0.13}",Source/SocketIO/Engine/SocketEngine.swift:296,s2a-batch-23,28648
197,issue,closed,,ack,2015-10-01,,Timeout handler is called after closing the connection,defect_current,already_addressed,0.96,still_applicable,0.03,False,0.04,Important,0.87,"{""0"": 0.27, ""1"": 0.59, ""2"": 0.13, ""3"": 0.01}",Source/SocketIO/Client/SocketIOClient.swift:305,s2a-batch-01,23628
200,issue,closed,,api_config,2015-10-06,,Event handler data argument - [AnyObject] vs AnyObject,feature_request,matches_js_client,0.67,already_addressed,0.19,True,0.59,Routine,0.1,"{""0"": 0.92, ""1"": 0.07, ""2"": 0.01, ""3"": 0}",Source/SocketIO/Util/SocketTypes.swift:80,s2a-batch-04,37856
210,issue,closed,,namespace,2015-10-16,,Joining a namespace needs a Ack option.,feature_request,matches_js_client,0.55,still_applicable,0.37,False,0.17,Routine,0.56,"{""0"": 0.5, ""1"": 0.45, ""2"": 0.05, ""3"": 0}",Source/SocketIO/Client/SocketIOClient.swift:923,s2a-batch-13,24483
211,pr,closed,no,api_config,2015-10-17,,Improve initial options,pr_functional,already_addressed,0.96,still_applicable,0.03,False,0.37,Routine,0.07,"{""0"": 0.93, ""1"": 0.06, ""2"": 0.01, ""3"": 0}",Source/SocketIO/Client/SocketIOClientOption.swift:38,s2a-batch-04,37856
213,pr,closed,no,api_config,2015-10-18,,Real type save,pr_functional,already_addressed,0.77,still_applicable,0.13,False,0.18,Routine,0.03,"{""0"": 0.98, ""1"": 0.02, ""2"": 0, ""3"": 0}",Source/SocketIO/Client/SocketIOClientOption.swift:38,s2a-batch-04,37856
216,issue,closed,,api_config,2015-10-18,enhancement,Add 'off()' and 'removeAllHandlers()' to readme,docs_gap,still_applicable,0.85,already_addressed,0.15,True,0.68,Routine,0.13,"{""0"": 0.88, ""1"": 0.11, ""2"": 0.01, ""3"": 0}",Source/SocketIO/Client/SocketIOClient.swift:1712,s2a-batch-04,37856
220,issue,closed,,reconnect,2015-10-22,enhancement|patched,Access voipEnabled property,feature_request,not_applicable,1,matches_js_client,0,False,0.02,Routine,0.05,"{""0"": 0.96, ""1"": 0.04, ""2"": 0, ""3"": 0}",none,s2a-batch-19,27100
228,issue,closed,,engine_transport,2015-11-01,,Crash in processRawMessage,defect_fixed_or_obsolete,not_applicable,1,insufficient_evidence,0,False,0.02,Routine,0.44,"{""0"": 0.73, ""1"": 0.14, ""2"": 0.08, ""3"": 0.05}",Documentation/NativeWebSocketTransport.md:7,s2a-batch-09,35610
229,issue,closed,,api_config,2015-11-02,bug|patched,Secure connections require options to be non-nil,defect_current,already_addressed,0.99,matches_js_client,0.01,True,0.51,Routine,0.83,"{""0"": 0.4, ""1"": 0.4, ""2"": 0.17, ""3"": 0.03}",Source/SocketIO/Manager/SocketManager.swift:1125,s2a-batch-04,37856
231,issue,closed,,reconnect,2015-11-09,unconfirmed,Socket io client can't emit sometimes,defect_current,not_applicable,0.97,matches_js_client,0.02,False,0.03,Important,0.79,"{""0"": 0.33, ""1"": 0.56, ""2"": 0.11, ""3"": 0}",Source/SocketIO/Client/SocketIOClient.swift:923,s2a-batch-19,27100
232,issue,closed,,ack,2015-11-10,unconfirmed,Create and Connect many sockets crashes/hangs,defect_current,not_applicable,0.91,already_addressed,0.05,False,0.04,Important,0.79,"{""0"": 0.35, ""1"": 0.52, ""2"": 0.12, ""3"": 0.01}",README.md:5,s2a-batch-01,23628
233,issue,closed,,threading_memory,2015-11-12,bug|patched,Memory leak when using from obj-c,defect_fixed_or_obsolete,not_applicable,1,already_addressed,0,False,0.03,Routine,0.15,"{""0"": 0.89, ""1"": 0.1, ""2"": 0.01, ""3"": 0}",CHANGELOG.md:150,s2a-batch-24,19256
235,issue,closed,,threading_memory,2015-11-16,unconfirmed,Crashes on SocketEventHandler.executeCallback,defect_current,insufficient_evidence,0.92,still_applicable,0.06,False,0.04,Important,1.18,"{""0"": 0.15, ""1"": 0.55, ""2"": 0.27, ""3"": 0.03}",none,s2a-batch-24,19256
241,issue,closed,,engine_transport,2015-11-23,unconfirmed,UnsafePointer Crash,defect_current,not_applicable,1,insufficient_evidence,0,False,0.02,Routine,0.87,"{""0"": 0.47, ""1"": 0.26, ""2"": 0.19, ""3"": 0.08}",Documentation/NativeWebSocketTransport.md:7,s2a-batch-09,35610
245,issue,closed,,parser_binary,2015-12-01,,SocketEngine message parser problem,defect_current,matches_js_client,0.88,still_applicable,0.1,False,0.04,Routine,0.63,"{""0"": 0.51, ""1"": 0.35, ""2"": 0.12, ""3"": 0.02}",Source/SocketIO/Parse/SocketParsable.swift:122,s2a-batch-18,12324
246,issue,closed,,reconnect,2015-12-01,enhancement,ForceNew option for client,feature_request,already_addressed,0.83,matches_js_client,0.14,False,0.23,Important,1.29,"{""0"": 0.08, ""1"": 0.56, ""2"": 0.35, ""3"": 0.01}",Source/SocketIO/Client/SocketIOClientOption.swift:101,s2a-batch-20,30206
249,issue,open,,other,2015-12-03,enhancement|unconfirmed,Linux Port,feature_request,still_applicable,1,not_applicable,0,False,0.03,Routine,0.14,"{""0"": 0.88, ""1"": 0.11, ""2"": 0.01, ""3"": 0}",Package.swift:6,s2a-batch-14,25197
253,issue,closed,,other,2015-12-08,,Is there a  Object-C  library??,feature_request,not_applicable,0.74,still_applicable,0.22,False,0.03,Routine,0.02,"{""0"": 0.99, ""1"": 0.01, ""2"": 0, ""3"": 0}",CHANGELOG.md:150,s2a-batch-14,25197
256,issue,closed,,engine_transport,2015-12-11,,#218 WebSocket.swift line 632 WebSocket.(processResponse in _02D691C80E51B897C380608DCFC8AEE6)(WebSocket.WSResponse) -> Bool 4,defect_current,not_applicable,1,insufficient_evidence,0,False,0.02,Routine,0.62,"{""0"": 0.63, ""1"": 0.19, ""2"": 0.11, ""3"": 0.07}",Documentation/NativeWebSocketTransport.md:7,s2a-batch-09,35610
257,issue,closed,,engine_transport,2015-12-11,,WebSocket.swift line 0 protocol witness for RawRepresentable.rawValue.getter in conformance WebSocket.OpCode,defect_fixed_or_obsolete,not_applicable,1,insufficient_evidence,0,False,0.02,Routine,0.53,"{""0"": 0.67, ""1"": 0.18, ""2"": 0.1, ""3"": 0.05}",Documentation/NativeWebSocketTransport.md:7,s2a-batch-09,35610
258,issue,closed,,engine_transport,2015-12-11,,WebSocket.swift line 631 WebSocket.(processResponse in _02D691C80E51B897C380608DCFC8AEE6)(WebSocket.WSResponse) -> Bool,defect_current,not_applicable,1,insufficient_evidence,0,False,0.02,Routine,0.54,"{""0"": 0.68, ""1"": 0.16, ""2"": 0.1, ""3"": 0.06}",Documentation/NativeWebSocketTransport.md:7,s2a-batch-09,35610
259,issue,closed,,engine_transport,2015-12-11,,"WebSocket.swift line 0 @nonobjc NSString.init(data : NSData, encoding : UInt) -> NSString?",defect_current,not_applicable,1,insufficient_evidence,0,False,0.02,Routine,0.55,"{""0"": 0.68, ""1"": 0.16, ""2"": 0.1, ""3"": 0.06}",Documentation/NativeWebSocketTransport.md:7,s2a-batch-09,35610
260,issue,closed,,engine_transport,2015-12-11,,"WebSocket.swift line 413 WebSocket.(processRawMessage in _02D691C80E51B897C380608DCFC8AEE6)(UnsafePointer<UInt8>, bufferLen : Int) -> ()",defect_current,not_applicable,1,insufficient_evidence,0,False,0.02,Routine,0.54,"{""0"": 0.67, ""1"": 0.17, ""2"": 0.1, ""3"": 0.06}",Documentation/NativeWebSocketTransport.md:7,s2a-batch-09,35610
261,issue,closed,,engine_transport,2015-12-11,,WebSocket.swift line 625 WebSocket.(processResponse in _02D691C80E51B897C380608DCFC8AEE6)(WebSocket.WSResponse) -> Bool,defect_current,not_applicable,1,insufficient_evidence,0,False,0.02,Routine,0.44,"{""0"": 0.74, ""1"": 0.13, ""2"": 0.08, ""3"": 0.05}",Documentation/NativeWebSocketTransport.md:7,s2a-batch-09,35610
262,pr,closed,no,threading_memory,2015-12-11,,Avoid doing unaligned reads/writes via UnsafePointer,pr_functional,not_applicable,1,already_addressed,0,False,0.04,Routine,0.82,"{""0"": 0.45, ""1"": 0.33, ""2"": 0.16, ""3"": 0.06}",none,s2a-batch-24,19256
271,issue,closed,,engine_transport,2015-12-27,enhancement|patched,"Updating connection opts on a existing connection, before reconnecting.",feature_request,already_addressed,1,insufficient_evidence,0,False,0.29,Important,0.64,"{""0"": 0.41, ""1"": 0.54, ""2"": 0.05, ""3"": 0}",Source/SocketIO/Engine/SocketEngine.swift:64,s2a-batch-10,49017
272,issue,closed,,other,2016-01-05,question,watchOS Support?,feature_request,already_addressed,0.93,still_applicable,0.03,False,0.04,Routine,0.07,"{""0"": 0.94, ""1"": 0.05, ""2"": 0.01, ""3"": 0}",Package.swift:6,s2a-batch-14,25197
279,issue,closed,,api_config,2016-01-15,bug,Reconnect cannot reconnect because already connected,defect_current,already_addressed,0.99,matches_js_client,0.01,True,0.8,High,1.55,"{""0"": 0.02, ""1"": 0.42, ""2"": 0.54, ""3"": 0.02}",Source/SocketIO/Engine/SocketEngine.swift:386,s2a-batch-04,37856
290,issue,closed,,reconnect,2016-01-26,unconfirmed,Socket is being closed automatically when opening it just after closing the old one,defect_current,already_addressed,0.83,still_applicable,0.09,True,0.68,Important,1.14,"{""0"": 0.1, ""1"": 0.67, ""2"": 0.23, ""3"": 0}",Tests/TestSocketIO/SocketPollingCloseTest.swift:487,s2a-batch-20,30206
297,issue,closed,,engine_transport,2016-02-03,,Trailing slash in path,defect_current,already_addressed,0.59,matches_js_client,0.41,True,0.86,Important,0.73,"{""0"": 0.34, ""1"": 0.6, ""2"": 0.06, ""3"": 0}",Source/SocketIO/Engine/SocketEngine.swift:1028,s2a-batch-10,49017
300,issue,closed,,reconnect,2016-02-04,unconfirmed,Reconnecting gets called a lot.,defect_current,matches_js_client,0.57,already_addressed,0.39,True,0.59,Important,0.75,"{""0"": 0.34, ""1"": 0.58, ""2"": 0.08, ""3"": 0}",Source/SocketIO/Manager/SocketManager.swift:681,s2a-batch-20,30206
301,issue,closed,,threading_memory,2016-02-04,,Unknown Crash,defect_current,already_addressed,1,matches_js_client,0,False,0.34,High,1.74,"{""0"": 0.05, ""1"": 0.32, ""2"": 0.47000000000000003, ""3"": 0.16}",Source/SocketIO/Engine/SocketEnginePollable.swift:208,s2a-batch-24,19256
306,issue,closed,,threading_memory,2016-02-10,unconfirmed,Socket crash on production,defect_current,not_applicable,0.82,already_addressed,0.18,False,0.05,Routine,0.63,"{""0"": 0.5, ""1"": 0.38, ""2"": 0.11, ""3"": 0.01}",CHANGELOG.md:150,s2a-batch-24,19256
307,issue,open,,engine_transport,2016-02-13,enhancement,Need to read cookie from response headers,feature_request,already_addressed,0.98,matches_js_client,0.02,True,0.85,Important,0.8,"{""0"": 0.29, ""1"": 0.63, ""2"": 0.08, ""3"": 0}",Source/SocketIO/Engine/SocketEngine.swift:965,s2a-batch-10,49017
311,issue,closed,,namespace,2016-02-18,bug|unconfirmed,Strange bug (version 5.4.1),defect_fixed_or_obsolete,not_applicable,0.98,matches_js_client,0.01,False,0.08,Routine,0.17,"{""0"": 0.86, ""1"": 0.13, ""2"": 0.01, ""3"": 0}",CHANGELOG.md:150,s2a-batch-13,24483
325,issue,closed,,threading_memory,2016-03-15,,absoluteString crash,defect_current,not_applicable,0.99,already_addressed,0.01,False,0.05,Routine,0.35,"{""0"": 0.75, ""1"": 0.17, ""2"": 0.06, ""3"": 0.02}",Source/SocketIO/Manager/SocketManager.swift:231,s2a-batch-24,19256
333,issue,closed,,threading_memory,2016-03-25,,app crashing on the production,insufficient_evidence,not_applicable,0.88,insufficient_evidence,0.12,False,0.03,Routine,0.12,"{""0"": 0.91, ""1"": 0.08, ""2"": 0.01, ""3"": 0}",none,s2a-batch-24,19256
336,issue,closed,,other,2016-03-28,,Is there any way where we can Observer (KVO) the status property of SocketIOClient ?,feature_request,still_applicable,0.52,already_addressed,0.28,False,0.27,Routine,0.01,"{""0"": 1, ""1"": 0, ""2"": 0, ""3"": 0}",Source/SocketIO/Client/SocketIOClient.swift:88,s2a-batch-14,25197
343,pr,closed,no,engine_transport,2016-04-10,,Websocket compression [DONT MERGE],pr_functional,already_addressed,0.5,not_applicable,0.48,True,0.76,Routine,0.31,"{""0"": 0.74, ""1"": 0.2, ""2"": 0.05, ""3"": 0.01}",Tests/TestSocketIO/E2E/PerMessageDeflateE2ETest.swift:30,s2a-batch-10,49017
349,pr,closed,no,api_config,2016-04-14,,How to know how many events i have registered?,feature_request,already_addressed,0.55,still_applicable,0.39,False,0.24,Routine,0.02,"{""0"": 0.98, ""1"": 0.02, ""2"": 0, ""3"": 0}",Source/SocketIO/Client/SocketIOClientSpec.swift:36,s2a-batch-04,37856
351,issue,closed,,tls_security,2016-04-19,,Website still points to old 3rd party project,docs_gap,not_applicable,0.78,insufficient_evidence,0.18,False,0.03,Routine,0.01,"{""0"": 0.99, ""1"": 0.01, ""2"": 0, ""3"": 0}",none,s2a-batch-28,17504
355,issue,closed,,engine_transport,2016-04-26,,SocketEnginePollable Crash Sometimes,defect_current,already_addressed,1,insufficient_evidence,0,True,0.88,High,2.38,"{""0"": 0, ""1"": 0.06, ""2"": 0.49, ""3"": 0.45}",Tests/TestSocketIO/SocketPollingCloseTest.swift:574,s2a-batch-10,49017
356,issue,open,,engine_transport,2016-04-26,bug|unconfirmed,SocketEnginePollable Crash Sometimes,defect_current,already_addressed,1,insufficient_evidence,0,True,0.86,High,2.42,"{""0"": 0, ""1"": 0.04, ""2"": 0.49, ""3"": 0.47}",Tests/TestSocketIO/SocketPollingCloseTest.swift:574,s2a-batch-10,49017
365,issue,closed,,reconnect,2016-05-06,enhancement,Socket keep on trying to connect and always fails,defect_current,already_addressed,0.96,still_applicable,0.02,False,0.39,Important,1.33,"{""0"": 0.06, ""1"": 0.56, ""2"": 0.37, ""3"": 0.01}",Source/SocketIO/Client/SocketIOClient.swift:544,s2a-batch-20,30206
367,issue,closed,,threading_memory,2016-05-12,bug|unconfirmed,Escape issue,defect_current,matches_js_client,0.67,already_addressed,0.21,True,0.53,Important,0.77,"{""0"": 0.35, ""1"": 0.54, ""2"": 0.1, ""3"": 0.01}",Tests/TestSocketIO/SocketEngineURLParityTest.swift:74,s2a-batch-24,19256
374,issue,closed,,reconnect,2016-05-26,bug|patched,Error:Session ID unknown???,defect_fixed_or_obsolete,already_addressed,0.97,still_applicable,0.01,False,0.25,Important,0.76,"{""0"": 0.33, ""1"": 0.59, ""2"": 0.08, ""3"": 0}",Tests/TestSocketIO/SocketPollingCloseTest.swift:574,s2a-batch-20,30206
380,pr,closed,no,tls_security,2016-05-31,,Add Proxy support for websocket,pr_functional,not_applicable,0.62,already_addressed,0.36,False,0.09,Routine,0.29,"{""0"": 0.76, ""1"": 0.2, ""2"": 0.04, ""3"": 0}",Source/SocketIO/Util/SocketExtensions.swift:114,s2a-batch-28,17504
385,issue,open,,ack,2016-06-04,unconfirmed,Sometimes emit method is not working on connect,defect_current,insufficient_evidence,0.53,still_applicable,0.33,False,0.05,High,1.57,"{""0"": 0.01, ""1"": 0.42, ""2"": 0.5599999999999999, ""3"": 0.01}",none,s2a-batch-01,23628
402,issue,closed,,threading_memory,2016-06-21,wontfix|unconfirmed,socket crash when network goes off or tries to reconnect,defect_current,not_applicable,0.99,already_addressed,0.01,False,0.02,Routine,1.09,"{""0"": 0.39, ""1"": 0.24, ""2"": 0.24, ""3"": 0.13}",Documentation/NativeWebSocketTransport.md:7,s2a-batch-25,22723
403,issue,open,,other,2016-06-22,unconfirmed,Network connection was lost,support_question,insufficient_evidence,0.86,not_applicable,0.14,False,0.02,Routine,0.36,"{""0"": 0.67, ""1"": 0.3, ""2"": 0.03, ""3"": 0}",none,s2a-batch-15,19879
411,issue,open,,reconnect,2016-06-28,unconfirmed,"After websocket disconnected, it still call a method named error",defect_current,not_applicable,0.9,still_applicable,0.06,False,0.08,Important,0.66,"{""0"": 0.38, ""1"": 0.58, ""2"": 0.04, ""3"": 0}",Source/SocketIO/Engine/SocketEnginePollable.swift:205,s2a-batch-20,30206
413,issue,closed,,parser_binary,2016-06-30,unconfirmed,SSL + base64 = wrong base64 received by server,defect_current,matches_js_client,0.95,insufficient_evidence,0.03,False,0.04,Routine,0.51,"{""0"": 0.52, ""1"": 0.45, ""2"": 0.03, ""3"": 0}",Source/SocketIO/Engine/SocketEnginePollable.swift:150,s2a-batch-18,12324
418,pr,closed,no,engine_transport,2016-07-07,,Upgraded to Swift 3.0,pr_functional,not_applicable,0.87,already_addressed,0.09,False,0.04,Routine,0.01,"{""0"": 1, ""1"": 0, ""2"": 0, ""3"": 0}",Package.swift:1,s2a-batch-10,49017
419,issue,closed,,engine_transport,2016-07-08,enhancement|wontfix,Allow to specify a custom subclass of WebSocket,feature_request,not_applicable,0.91,still_applicable,0.08,False,0.04,Routine,0.04,"{""0"": 0.98, ""1"": 0.02, ""2"": 0, ""3"": 0}",Source/SocketIO/Util/SocketExtensions.swift:114,s2a-batch-10,49017
421,issue,open,,engine_transport,2016-07-13,bug|enhancement|on hold,WebSocket doesn't connect through proxy,defect_current,not_applicable,0.93,already_addressed,0.06,False,0.05,Routine,0.45,"{""0"": 0.61, ""1"": 0.33, ""2"": 0.05, ""3"": 0.01}",README.md:5,s2a-batch-11,24329
442,issue,open,,reconnect,2016-08-03,bug|unconfirmed,Reconnect Events stop firing once the socket is disconnected and connected again.,defect_current,already_addressed,0.74,still_applicable,0.15,True,0.58,Important,1.43,"{""0"": 0.02, ""1"": 0.54, ""2"": 0.44, ""3"": 0}",Tests/TestSocketIO/E2E/JSParityE2ETest.swift:586,s2a-batch-20,30206
444,issue,closed,,threading_memory,2016-08-05,,(SIGTRAP) TRAP_BRKPT,defect_current,not_applicable,1,insufficient_evidence,0,False,0.02,Routine,1.03,"{""0"": 0.4, ""1"": 0.28, ""2"": 0.22, ""3"": 0.1}",Documentation/NativeWebSocketTransport.md:7,s2a-batch-25,22723
446,issue,closed,,threading_memory,2016-08-08,,SEGV_MAPERR: App crashes,defect_current,not_applicable,1,insufficient_evidence,0,False,0.02,Routine,1.27,"{""0"": 0.3, ""1"": 0.29, ""2"": 0.25, ""3"": 0.16}",Documentation/NativeWebSocketTransport.md:7,s2a-batch-25,22723
448,issue,closed,,tls_security,2016-08-09,,App crashes when I receive huge data from server,defect_current,already_addressed,0.98,still_applicable,0.02,False,0.36,High,1.65,"{""0"": 0.03, ""1"": 0.37, ""2"": 0.53, ""3"": 0.07}",Source/SocketIO/Engine/Transport/SocketWebSocketOptions.swift:11,s2a-batch-28,17504
452,issue,closed,,reconnect,2016-08-11,,"Re-using socket after seeing NSPOSIXErrorDomain, code: 57.",defect_current,not_applicable,1,still_applicable,0,False,0.03,Routine,0.53,"{""0"": 0.54, ""1"": 0.4, ""2"": 0.06, ""3"": 0}",Source/SocketIO/Engine/Transport/URLSessionWebSocketTransport.swift:4,s2a-batch-20,30206
460,issue,closed,,threading_memory,2016-08-20,,Crash EXC_BAD_ACCESS KERN_INVALID_ADDRESS,defect_current,not_applicable,0.99,already_addressed,0.01,False,0.02,High,1.52,"{""0"": 0.17, ""1"": 0.31, ""2"": 0.36, ""3"": 0.16}",Documentation/NativeWebSocketTransport.md:7,s2a-batch-25,22723
461,issue,closed,,threading_memory,2016-08-20,,CoreFoundation crash EXC_BAD_ACCESS KERN_INVALID_ADDRESS,defect_current,not_applicable,1,insufficient_evidence,0,False,0.02,Routine,0.94,"{""0"": 0.39, ""1"": 0.34, ""2"": 0.19, ""3"": 0.08}",Documentation/NativeWebSocketTransport.md:7,s2a-batch-25,22723
465,issue,open,,engine_transport,2016-08-23,,Engine URLSession became invalid,defect_current,already_addressed,0.96,still_applicable,0.04,True,0.74,Important,1.19,"{""0"": 0.1, ""1"": 0.63, ""2"": 0.26, ""3"": 0.01}",Source/SocketIO/Engine/SocketEngine.swift:957,s2a-batch-11,24329
470,issue,closed,,api_config,2016-08-27,enhancement|done,Possibility to reconnect with a different URL,feature_request,still_applicable,0.87,matches_js_client,0.13,False,0.03,Routine,0.53,"{""0"": 0.51, ""1"": 0.45, ""2"": 0.04, ""3"": 0}",Source/SocketIO/Manager/SocketManager.swift:62,s2a-batch-05,28807
478,issue,closed,,threading_memory,2016-09-01,,Strange crash everytime on iPhone 4S,defect_fixed_or_obsolete,not_applicable,0.94,already_addressed,0.06,False,0.02,Routine,0.25,"{""0"": 0.8, ""1"": 0.16, ""2"": 0.03, ""3"": 0.01}",Documentation/NativeWebSocketTransport.md:7,s2a-batch-25,22723
488,issue,closed,,parser_binary,2016-09-10,,Send request body when connecting socket,feature_request,matches_js_client,0.78,still_applicable,0.21,False,0.03,Routine,0.02,"{""0"": 0.98, ""1"": 0.02, ""2"": 0, ""3"": 0}",Source/SocketIO/Engine/SocketEngine.swift:421,s2a-batch-18,12324
489,pr,closed,no,engine_transport,2016-09-11,,Propagate websocket connected event to SocketIOClientStatus when forced websocket connection,pr_functional,already_addressed,0.38,still_applicable,0.3,False,0.45,Important,0.82,"{""0"": 0.28, ""1"": 0.63, ""2"": 0.09, ""3"": 0}",Source/SocketIO/Engine/SocketEngine.swift:1103,s2a-batch-11,24329
491,issue,closed,,other,2016-09-14,,Double connect on the server,defect_current,already_addressed,0.63,matches_js_client,0.36,True,0.56,Important,1.05,"{""0"": 0.2, ""1"": 0.5599999999999999, ""2"": 0.23, ""3"": 0.01}",Source/SocketIO/Client/SocketIOClient.swift:290,s2a-batch-15,19879
495,issue,closed,,engine_transport,2016-09-16,,Detailed description on releases?,docs_gap,already_addressed,0.71,insufficient_evidence,0.22,False,0.03,Routine,0.02,"{""0"": 0.99, ""1"": 0.01, ""2"": 0, ""3"": 0}",CHANGELOG.md:6,s2a-batch-11,24329
511,issue,closed,,parser_binary,2016-09-23,,Nested JSON objects received as NSString,defect_current,not_applicable,0.77,already_addressed,0.16,False,0.05,Routine,0.02,"{""0"": 0.99, ""1"": 0.01, ""2"": 0, ""3"": 0}",Source/SocketIO/Parse/SocketParsable.swift:176,s2a-batch-18,12324
515,pr,closed,no,threading_memory,2016-09-27,,Fix crash,defect_current,not_applicable,0.98,already_addressed,0.02,False,0.02,Routine,0.62,"{""0"": 0.54, ""1"": 0.32, ""2"": 0.11, ""3"": 0.03}",Documentation/NativeWebSocketTransport.md:7,s2a-batch-25,22723
517,issue,closed,,reconnect,2016-09-27,,How to cancel in-flight emitWithAck,feature_request,matches_js_client,0.64,already_addressed,0.26,False,0.04,Important,1.17,"{""0"": 0.12, ""1"": 0.59, ""2"": 0.28, ""3"": 0.01}",Source/SocketIO/Client/SocketIOClient.swift:1736,s2a-batch-21,26209
519,issue,closed,,tls_security,2016-09-28,,can no longer override isvalid on SSLSecurity,feature_request,not_applicable,0.88,still_applicable,0.07,False,0.2,Routine,0.18,"{""0"": 0.84, ""1"": 0.15, ""2"": 0.01, ""3"": 0}",Documentation/NativeWebSocketTransport.md:35,s2a-batch-28,17504
520,pr,closed,no,tls_security,2016-09-28,,Update SSLSecurity.swift,pr_functional,not_applicable,0.99,already_addressed,0.01,False,0.13,Routine,0.1,"{""0"": 0.92, ""1"": 0.07, ""2"": 0.01, ""3"": 0}",Source/SocketIO/Util/SocketExtensions.swift:125,s2a-batch-28,17504
521,issue,closed,,reconnect,2016-09-29,bug,Crash problem,defect_current,already_addressed,1,not_applicable,0,False,0.04,High,1.98,"{""0"": 0.05, ""1"": 0.22, ""2"": 0.43, ""3"": 0.3}",Source/SocketIO/Manager/SocketManager.swift:564,s2a-batch-21,26209
524,pr,closed,no,other,2016-09-29,,change sslsecurity and isvalid to open,pr_functional,not_applicable,0.99,already_addressed,0.01,False,0.04,Routine,0.48,"{""0"": 0.64, ""1"": 0.25, ""2"": 0.09, ""3"": 0.02}",Source/SocketIO/Security/SocketServerTrustEvaluator.swift:5,s2a-batch-15,19879
531,issue,open,,threading_memory,2016-10-05,in progress|unconfirmed,Multiple data races found by Xcode Thread Sanitizer,defect_current,already_addressed,0.8,insufficient_evidence,0.17,False,0.03,Important,1.49,"{""0"": 0.05, ""1"": 0.46, ""2"": 0.45, ""3"": 0.04}",Source/SocketIO/Engine/SocketEnginePollable.swift:200,s2a-batch-25,22723
533,issue,closed,,ack,2016-10-05,,No visible @interface for SocketIOClient delcares emitWithAck:withItems,docs_gap,not_applicable,1,insufficient_evidence,0,False,0.03,Routine,0.01,"{""0"": 1, ""1"": 0, ""2"": 0, ""3"": 0}",CHANGELOG.md:150,s2a-batch-01,23628
536,issue,closed,,tls_security,2016-10-07,,UnsafeMutablePointer.moveInitializeFrom with negative count,defect_current,insufficient_evidence,0.69,not_applicable,0.29,False,0.04,Important,0.83,"{""0"": 0.36, ""1"": 0.48, ""2"": 0.13, ""3"": 0.03}",README.md:5,s2a-batch-28,17504
540,issue,closed,,other,2016-10-14,,Q: WatchOS 3 support,feature_request,already_addressed,0.69,still_applicable,0.23,False,0.04,Routine,0.06,"{""0"": 0.95, ""1"": 0.04, ""2"": 0.01, ""3"": 0}",Package.swift:6,s2a-batch-15,19879
549,issue,closed,,threading_memory,2016-10-21,,Crash due to race condition in SocketEngine.createWebsocketAndConnect,defect_fixed_or_obsolete,already_addressed,0.97,insufficient_evidence,0.02,False,0.03,High,1.98,"{""0"": 0.03, ""1"": 0.19, ""2"": 0.57, ""3"": 0.21}",Source/SocketIO/Engine/SocketEngine.swift:379,s2a-batch-26,23060
552,issue,open,,threading_memory,2016-10-25,,Crash on init because of sessionDelegate parameter,defect_current,not_applicable,0.99,already_addressed,0.01,False,0.02,Routine,0.54,"{""0"": 0.57, ""1"": 0.32, ""2"": 0.09, ""3"": 0.02}",CHANGELOG.md:150,s2a-batch-26,23060
554,issue,open,,ack,2016-10-28,,emitWithAck and timeout behavior,defect_current,already_addressed,0.79,matches_js_client,0.15,True,0.52,Routine,0.33,"{""0"": 0.7, ""1"": 0.28, ""2"": 0.02, ""3"": 0}",Tests/TestSocketIO/SocketSideEffectTest.swift:36,s2a-batch-01,23628
555,issue,closed,,ack,2016-10-28,,Objective-C - emitWithAck:with:timeOutAfter:callback selector not available,docs_gap,not_applicable,1,matches_js_client,0,False,0.03,Routine,0.02,"{""0"": 0.99, ""1"": 0.01, ""2"": 0, ""3"": 0}",CHANGELOG.md:150,s2a-batch-01,23628
564,issue,open,,engine_transport,2016-11-07,,"(URGENT)(Objective-C) After successful connection, Emit is causing Disconnection with server.",defect_current,not_applicable,1,already_addressed,0,False,0.04,Routine,0.76,"{""0"": 0.44, ""1"": 0.39, ""2"": 0.15, ""3"": 0.02}",CHANGELOG.md:150,s2a-batch-11,24329
565,issue,open,,ack,2016-11-07,,acknowledgement times out on simulatneous multiple socket.emitwithack or socket.onany,defect_current,already_addressed,0.89,still_applicable,0.07,False,0.15,High,1.61,"{""0"": 0.02, ""1"": 0.37, ""2"": 0.59, ""3"": 0.02}",Source/SocketIO/Client/SocketIOClient.swift:2036,s2a-batch-01,23628
571,issue,closed,,api_config,2016-11-09,,Can't emit a dictionary,feature_request,matches_js_client,0.75,already_addressed,0.2,True,0.73,Routine,0.03,"{""0"": 0.97, ""1"": 0.03, ""2"": 0, ""3"": 0}",Tests/TestSocketIO/SocketBasicPacketTest.swift:49,s2a-batch-05,28807
572,pr,closed,no,other,2016-11-09,,Non array data,pr_functional,already_addressed,0.82,matches_js_client,0.16,True,0.67,Routine,0.55,"{""0"": 0.53, ""1"": 0.39, ""2"": 0.08, ""3"": 0}",Source/SocketIO/Client/SocketIOClient.swift:598,s2a-batch-15,19879
577,issue,closed,,api_config,2016-11-16,,No visible @interface for 'SocketIOClient' ...  -- help needed,docs_gap,not_applicable,0.98,still_applicable,0.01,False,0.03,Routine,0.13,"{""0"": 0.9, ""1"": 0.08, ""2"": 0.02, ""3"": 0}",CHANGELOG.md:150,s2a-batch-05,28807
583,issue,closed,,engine_transport,2016-11-24,,fatal error: cannot increment beyond endIndex,defect_current,already_addressed,0.62,insufficient_evidence,0.2,False,0.46,High,1.65,"{""0"": 0.02, ""1"": 0.36, ""2"": 0.56, ""3"": 0.06}",Source/SocketIO/Engine/SocketEnginePacketCodec.swift:54,s2a-batch-11,24329
587,issue,closed,,ack,2016-11-28,enhancement,Timeout interface.,feature_request,already_addressed,0.99,matches_js_client,0.01,True,0.84,Important,1.25,"{""0"": 0.08, ""1"": 0.6, ""2"": 0.32, ""3"": 0}",Source/SocketIO/Client/SocketIOClientOption.swift:81,s2a-batch-02,10512
589,issue,closed,,reconnect,2016-12-01,,Socket is not working in 3G always reconnects coming,defect_current,insufficient_evidence,0.93,still_applicable,0.04,False,0.02,Routine,0.42,"{""0"": 0.61, ""1"": 0.37, ""2"": 0.02, ""3"": 0}",none,s2a-batch-21,26209
592,issue,closed,,threading_memory,2016-12-07,,"App crashes as ""doDisconnect (error) (WebSocket.swift:153)""",defect_current,not_applicable,0.99,already_addressed,0.01,False,0.03,Important,1.11,"{""0"": 0.26, ""1"": 0.43, ""2"": 0.25, ""3"": 0.06}",Source/SocketIO/Engine/Transport/URLSessionWebSocketTransport.swift:68,s2a-batch-26,23060
605,issue,open,,reconnect,2017-01-12,,Multi connection after reconnected,defect_current,not_applicable,0.5,matches_js_client,0.4,False,0.03,Important,1,"{""0"": 0.2, ""1"": 0.6, ""2"": 0.19, ""3"": 0.01}",Source/SocketIO/Manager/SocketManager.swift:281,s2a-batch-21,26209
610,issue,closed,,api_config,2017-01-26,,Log option affecting all sockets,support_question,still_applicable,0.99,already_addressed,0.01,False,0.08,Important,0.77,"{""0"": 0.32, ""1"": 0.59, ""2"": 0.09, ""3"": 0}",Source/SocketIO/Util/SocketLogger.swift:73,s2a-batch-05,28807
613,issue,open,,api_config,2017-01-29,,"{""code"":1,""message"":""Session ID unknown""} while connecting users to socket.io for first attempt.",defect_current,matches_js_client,0.81,not_applicable,0.15,True,0.55,Important,0.87,"{""0"": 0.3, ""1"": 0.54, ""2"": 0.15, ""3"": 0.01}",Tests/TestSocketIO/E2E/EngineRemainingParityE2ETest.swift:406,s2a-batch-05,28807
615,issue,closed,,api_config,2017-01-31,,Upload Image/Video via stream using Socket.io-stream server,feature_request,insufficient_evidence,0.77,still_applicable,0.21,False,0.03,Routine,0.02,"{""0"": 0.99, ""1"": 0.01, ""2"": 0, ""3"": 0}",none,s2a-batch-05,28807
617,issue,closed,,engine_transport,2017-02-07,,crash on handle event,defect_current,not_applicable,0.99,already_addressed,0.01,False,0.05,Routine,0.74,"{""0"": 0.52, ""1"": 0.29, ""2"": 0.13, ""3"": 0.06}",Documentation/NativeWebSocketTransport.md:7,s2a-batch-11,24329
620,pr,closed,no,api_config,2017-02-22,,synchronized call to mutating ackHandlers.executeAck,defect_current,already_addressed,0.42,still_applicable,0.3,False,0.14,High,1.46,"{""0"": 0.06, ""1"": 0.45, ""2"": 0.46, ""3"": 0.03}",Source/SocketIO/Ack/SocketAckManager.swift:113,s2a-batch-05,28807
621,pr,closed,no,threading_memory,2017-02-23,,Thread safety issues,defect_current,already_addressed,1,matches_js_client,0,True,0.9,High,1.47,"{""0"": 0.12, ""1"": 0.37, ""2"": 0.43, ""3"": 0.08}",Source/SocketIO/Client/SocketIOClient.swift:140,s2a-batch-26,23060
630,issue,open,,engine_transport,2017-03-07,,Received the same event twice from one socketClient,defect_current,already_addressed,0.96,insufficient_evidence,0.02,True,0.6,Important,1.1,"{""0"": 0.09, ""1"": 0.73, ""2"": 0.18, ""3"": 0}",Tests/TestSocketIO/SocketNativeEngineTest.swift:341,s2a-batch-11,24329
633,issue,closed,,threading_memory,2017-03-16,,Creating a SocketIOClient consumes a reference from the sessionDelegate,defect_fixed_or_obsolete,not_applicable,0.93,already_addressed,0.07,False,0.03,Routine,0.45,"{""0"": 0.66, ""1"": 0.25, ""2"": 0.08, ""3"": 0.01}",CHANGELOG.md:150,s2a-batch-26,23060
638,issue,open,,other,2017-03-30,,Update the latest version can not submit parameters and receive the return data,defect_current,insufficient_evidence,0.97,matches_js_client,0.01,False,0.03,Routine,0.54,"{""0"": 0.53, ""1"": 0.42, ""2"": 0.05, ""3"": 0}",none,s2a-batch-15,19879
639,issue,open,,threading_memory,2017-03-30,,SocketIO crash when server disconnect client,defect_current,matches_js_client,0.73,already_addressed,0.26,False,0.28,Routine,0.82,"{""0"": 0.42, ""1"": 0.38, ""2"": 0.16, ""3"": 0.04}",Source/SocketIO/Client/SocketIOClient.swift:1470,s2a-batch-26,23060
644,issue,closed,,threading_memory,2017-04-05,,Multiple connections but only one receive events,defect_fixed_or_obsolete,not_applicable,0.71,already_addressed,0.29,False,0.03,Important,1.08,"{""0"": 0.23, ""1"": 0.49, ""2"": 0.26, ""3"": 0.02}",Source/SocketIO/Engine/Transport/URLSessionWebSocketTransport.swift:68,s2a-batch-26,23060
646,issue,closed,,threading_memory,2017-04-09,,WebSocket.cleanupStream() crash and more.,defect_current,not_applicable,0.98,already_addressed,0.02,False,0.03,Important,1.26,"{""0"": 0.25, ""1"": 0.33, ""2"": 0.33, ""3"": 0.09}",Source/SocketIO/Engine/Transport/URLSessionWebSocketTransport.swift:79,s2a-batch-26,23060
650,issue,closed,,other,2017-04-11,,我会监听到多次一样的推送，怎么回事,defect_fixed_or_obsolete,insufficient_evidence,0.98,not_applicable,0.02,False,0.04,Important,0.71,"{""0"": 0.34, ""1"": 0.61, ""2"": 0.05, ""3"": 0}",none,s2a-batch-15,19879
656,issue,open,,reconnect,2017-04-24,,socket looses connection as soon as it is connected. Sometimes keeps connected for sometime then again disconnects,defect_current,not_applicable,0.83,insufficient_evidence,0.17,False,0.03,Routine,0.22,"{""0"": 0.8, ""1"": 0.19, ""2"": 0.01, ""3"": 0}",none,s2a-batch-21,26209
661,issue,closed,,threading_memory,2017-04-26,enhancement|done,Refactor DispatchQueues so that there's less of them,feature_request,already_addressed,0.86,insufficient_evidence,0.07,False,0.02,Routine,0.09,"{""0"": 0.92, ""1"": 0.07, ""2"": 0.01, ""3"": 0}",Source/SocketIO/Manager/SocketManager.swift:114,s2a-batch-27,26434
666,pr,closed,no,namespace,2017-05-04,,Update SocketIOClient.swift,pr_functional,not_applicable,0.56,still_applicable,0.22,False,0.23,Routine,0.1,"{""0"": 0.91, ""1"": 0.08, ""2"": 0.01, ""3"": 0}",Source/SocketIO/Manager/SocketManager.swift:1150,s2a-batch-13,24483
667,issue,closed,,ack,2017-05-04,enhancement|done,Distinguish better when ack times out,feature_request,already_addressed,1,not_applicable,0,True,0.94,Routine,0.43,"{""0"": 0.59, ""1"": 0.39, ""2"": 0.02, ""3"": 0}",Source/SocketIO/Ack/SocketAckManager.swift:33,s2a-batch-02,10512
668,issue,closed,,other,2017-05-05,enhancement|done,Allow changes to SocketIOClientStatus of SocketIOClient to be observed,feature_request,already_addressed,1,matches_js_client,0,True,0.94,Routine,0.31,"{""0"": 0.7, ""1"": 0.28, ""2"": 0.02, ""3"": 0}",Source/SocketIO/Client/SocketIOClient.swift:90,s2a-batch-15,19879
669,pr,closed,no,api_config,2017-05-05,,Refactor engine,pr_functional,already_addressed,1,still_applicable,0,False,0.33,Routine,0.13,"{""0"": 0.9, ""1"": 0.08, ""2"": 0.02, ""3"": 0}",Source/SocketIO/Engine/SocketEngine.swift:39,s2a-batch-05,28807
670,issue,closed,,other,2017-05-06,enhancement|done,Jazzy documentaion,docs_gap,insufficient_evidence,0.44,still_applicable,0.35,False,0.03,Routine,0,"{""0"": 1, ""1"": 0, ""2"": 0, ""3"": 0}",none,s2a-batch-16,18563
671,pr,closed,no,api_config,2017-05-06,,v9.0,pr_functional,insufficient_evidence,0.68,already_addressed,0.24,False,0.05,Routine,0.13,"{""0"": 0.9, ""1"": 0.08, ""2"": 0.02, ""3"": 0}",none,s2a-batch-06,34025
672,issue,closed,,parser_binary,2017-05-06,enhancement|done,Investigate adding support for custom SocketData classes/structs.,feature_request,already_addressed,1,insufficient_evidence,0,True,0.78,Routine,0.41,"{""0"": 0.65, ""1"": 0.28, ""2"": 0.06, ""3"": 0.01}",Source/SocketIO/Util/SocketTypes.swift:43,s2a-batch-18,12324
674,issue,closed,,reconnect,2017-05-06,,Socket IO Client doesn't connect after long delay (24hrs approx),defect_current,not_applicable,0.99,insufficient_evidence,0.01,False,0.03,Important,0.72,"{""0"": 0.37, ""1"": 0.54, ""2"": 0.09, ""3"": 0}",Source/SocketIO/Engine/SocketEngine.swift:56,s2a-batch-21,26209
675,issue,closed,,other,2017-05-07,enhancement|done,Client events should be in an enum,feature_request,already_addressed,1,not_applicable,0,True,0.65,Routine,0.06,"{""0"": 0.95, ""1"": 0.04, ""2"": 0.01, ""3"": 0}",Source/SocketIO/Client/SocketIOClientSpec.swift:345,s2a-batch-16,18563
677,issue,closed,,other,2017-05-07,enhancement|done,Errors in SocketData should be reported to the users.,feature_request,already_addressed,1,not_applicable,0,True,0.94,High,1.57,"{""0"": 0.07, ""1"": 0.38, ""2"": 0.45, ""3"": 0.1}",Source/SocketIO/Client/SocketIOClient.swift:629,s2a-batch-16,18563
679,issue,open,,reconnect,2017-05-10,enhancement,Client-side and server-side errors are difficult to differentiate,feature_request,already_addressed,0.94,matches_js_client,0.06,True,0.73,Routine,0.45,"{""0"": 0.59, ""1"": 0.37, ""2"": 0.04, ""3"": 0}",Source/SocketIO/Client/SocketIOClientSpec.swift:387,s2a-batch-21,26209
680,issue,closed,,api_config,2017-05-10,enhancement,Setting SocketIOClient's config value after initialization results in unusable client,feature_request,already_addressed,0.58,still_applicable,0.41,False,0.26,Important,0.87,"{""0"": 0.26, ""1"": 0.62, ""2"": 0.12, ""3"": 0}",Source/SocketIO/Manager/SocketManager.swift:67,s2a-batch-06,34025
681,issue,open,,ack,2017-05-10,bug,"Client fires ""error"" event for 60 second timeout, timeout handlers >60s never fire",defect_current,still_applicable,0.84,matches_js_client,0.15,False,0.04,Important,1.23,"{""0"": 0.06, ""1"": 0.65, ""2"": 0.28, ""3"": 0.01}",Source/SocketIO/Engine/SocketEngine.swift:422,s2a-batch-02,10512
684,issue,closed,,other,2017-05-11,enhancement|done,How to include a custom authentication token AFTER connect,support_question,matches_js_client,0.65,already_addressed,0.21,True,0.65,Routine,0.35,"{""0"": 0.68, ""1"": 0.3, ""2"": 0.02, ""3"": 0}",Source/SocketIO/Manager/SocketManager.swift:1131,s2a-batch-16,18563
690,issue,closed,,api_config,2017-05-18,,Can the user-agent to configure it by yourself,feature_request,still_applicable,0.54,matches_js_client,0.26,False,0.04,Routine,0.02,"{""0"": 0.98, ""1"": 0.02, ""2"": 0, ""3"": 0}",Source/SocketIO/Engine/SocketEngineSpec.swift:250,s2a-batch-06,34025
693,issue,closed,,threading_memory,2017-05-22,,EXC_BAD_ACCESS KERN_INVALID_ADDRESS,defect_fixed_or_obsolete,not_applicable,0.92,already_addressed,0.08,False,0.02,Routine,0.68,"{""0"": 0.58, ""1"": 0.23, ""2"": 0.13, ""3"": 0.06}",Documentation/NativeWebSocketTransport.md:7,s2a-batch-27,26434
702,issue,closed,,other,2017-06-05,enhancement|patched,socket data compression,feature_request,not_applicable,0.42,still_applicable,0.37,False,0.29,Routine,0.22,"{""0"": 0.8, ""1"": 0.18, ""2"": 0.02, ""3"": 0}",Source/SocketIO/Util/SocketExtensions.swift:114,s2a-batch-16,18563
703,issue,closed,,threading_memory,2017-06-06,,SocketStringReader.read crash,defect_fixed_or_obsolete,not_applicable,0.82,already_addressed,0.17,False,0.02,Routine,1.09,"{""0"": 0.41, ""1"": 0.22, ""2"": 0.25, ""3"": 0.12}",Source/SocketIO/Engine/SocketEnginePollable.swift:327,s2a-batch-27,26434
708,issue,closed,,engine_transport,2017-06-10,,i'm getting these in my log .,insufficient_evidence,already_addressed,0.51,insufficient_evidence,0.24,False,0.11,Routine,0.64,"{""0"": 0.46, ""1"": 0.46, ""2"": 0.08, ""3"": 0}",Source/SocketIO/Engine/SocketEngine.swift:386,s2a-batch-12,25054
710,issue,closed,,other,2017-06-15,,Swift 4 Compatibility,feature_request,not_applicable,0.37,still_applicable,0.37,False,0.03,Routine,0.04,"{""0"": 0.97, ""1"": 0.03, ""2"": 0, ""3"": 0}",Package.swift:1,s2a-batch-16,18563
716,issue,closed,,engine_transport,2017-06-22,bug,"Crash when server returns ""404: Not Found""",defect_current,already_addressed,0.48,still_applicable,0.33,False,0.04,High,1.57,"{""0"": 0.04, ""1"": 0.42, ""2"": 0.48, ""3"": 0.06}",Source/SocketIO/Engine/SocketEnginePollable.swift:236,s2a-batch-12,25054
717,issue,closed,,other,2017-06-23,,Documentation Issues,docs_gap,not_applicable,0.95,already_addressed,0.05,False,0.06,Routine,0.01,"{""0"": 0.99, ""1"": 0.01, ""2"": 0, ""3"": 0}",README.md:5,s2a-batch-16,18563
721,issue,closed,,engine_transport,2017-06-26,enhancement,Move Starscream dependency to own repo,feature_request,already_addressed,0.67,not_applicable,0.33,False,0.03,Routine,0.02,"{""0"": 0.99, ""1"": 0.01, ""2"": 0, ""3"": 0}",README.md:5,s2a-batch-12,25054
722,issue,closed,,threading_memory,2017-06-27,,Crash in SocketAckManager with version 10.0.0,defect_current,already_addressed,0.99,insufficient_evidence,0.01,False,0.02,High,1.81,"{""0"": 0.05, ""1"": 0.26, ""2"": 0.52, ""3"": 0.17}",Source/SocketIO/Ack/SocketAckManager.swift:68,s2a-batch-27,26434
724,issue,closed,,other,2017-06-28,,"When not set nps,socket only send type 4 and not bussiness data",defect_current,matches_js_client,0.5599999999999999,already_addressed,0.42,False,0.36,Routine,0.49,"{""0"": 0.61, ""1"": 0.29, ""2"": 0.08, ""3"": 0.02}",Source/SocketIO/Manager/SocketManager.swift:54,s2a-batch-16,18563
726,issue,closed,,threading_memory,2017-06-30,,"App get crash, when connecting to invalid url string.",support_question,not_applicable,0.97,already_addressed,0.02,False,0.02,Routine,0.05,"{""0"": 0.96, ""1"": 0.04, ""2"": 0, ""3"": 0}",Source/SocketIO/Manager/SocketManager.swift:231,s2a-batch-27,26434
728,issue,closed,,engine_transport,2017-07-02,,Memory leak,defect_current,not_applicable,0.51,insufficient_evidence,0.45,False,0.03,Important,0.84,"{""0"": 0.38, ""1"": 0.43, ""2"": 0.16, ""3"": 0.03}",Source/SocketIO/Client/SocketIOClient.swift:254,s2a-batch-12,25054
746,issue,closed,,reconnect,2017-07-14,,intermittent failure to reconnect,defect_current,not_applicable,0.63,insufficient_evidence,0.28,False,0.03,Important,1.06,"{""0"": 0.11, ""1"": 0.73, ""2"": 0.16, ""3"": 0}",none,s2a-batch-21,26209
758,issue,closed,,threading_memory,2017-07-27,,Thread sanitiser suggests data race issues with SocketIO,defect_current,already_addressed,0.84,not_applicable,0.15,False,0.02,Important,1.04,"{""0"": 0.28, ""1"": 0.44, ""2"": 0.24, ""3"": 0.04}",Source/SocketIO/Engine/SocketEnginePollable.swift:201,s2a-batch-27,26434
770,issue,closed,,reconnect,2017-08-09,,"Reconnecting on disconnect causes ""Session ID unknown"" error in v9.0+",defect_current,already_addressed,0.66,still_applicable,0.2,True,0.89,Important,1.23,"{""0"": 0.07, ""1"": 0.63, ""2"": 0.3, ""3"": 0}",Tests/TestSocketIO/E2E/JSParityE2ETest.swift:1741,s2a-batch-22,20287
773,issue,closed,,api_config,2017-08-16,enhancement|done,off/once method cannot be used for client events,feature_request,already_addressed,1,insufficient_evidence,0,True,0.85,Routine,0.09,"{""0"": 0.92, ""1"": 0.08, ""2"": 0, ""3"": 0}",Source/SocketIO/Client/SocketIOClient.swift:1516,s2a-batch-06,34025
778,issue,closed,,reconnect,2017-08-18,unconfirmed,Won't reconnect without closing and reopening app.,defect_current,not_applicable,0.96,insufficient_evidence,0.04,False,0.04,Important,1.37,"{""0"": 0.08, ""1"": 0.49, ""2"": 0.4, ""3"": 0.03}",Documentation/Release17.md:25,s2a-batch-22,20287
784,issue,open,,engine_transport,2017-08-23,unconfirmed,Trying to reconnect always,defect_current,still_applicable,0.51,insufficient_evidence,0.23,False,0.04,High,1.55,"{""0"": 0.02, ""1"": 0.43, ""2"": 0.54, ""3"": 0.01}",Source/SocketIO/Manager/SocketManager.swift:1023,s2a-batch-12,25054
792,issue,open,,threading_memory,2017-09-01,unconfirmed,"Reconnect may lead to crash,cause of race condition",defect_current,not_applicable,0.96,already_addressed,0.04,False,0.02,Routine,0.77,"{""0"": 0.5, ""1"": 0.3, ""2"": 0.15, ""3"": 0.05}",Documentation/NativeWebSocketTransport.md:7,s2a-batch-27,26434
803,issue,closed,,other,2017-09-13,enhancement,socket has listener like even in ios,feature_request,already_addressed,0.86,still_applicable,0.11,False,0.04,Routine,0.06,"{""0"": 0.95, ""1"": 0.05, ""2"": 0, ""3"": 0}",Source/SocketIO/Client/SocketIOClient.swift:71,s2a-batch-17,19261
822,pr,closed,no,api_config,2017-09-30,,v12.1.0,pr_functional,already_addressed,0.52,insufficient_evidence,0.34,False,0.08,Routine,0.28,"{""0"": 0.77, ""1"": 0.19, ""2"": 0.04, ""3"": 0}",Source/SocketIO/Client/SocketIOClient.swift:71,s2a-batch-06,34025
825,issue,closed,,engine_transport,2017-10-01,enhancement|done,Make Single Target,feature_request,already_addressed,0.98,not_applicable,0.02,False,0.02,Routine,0.02,"{""0"": 0.99, ""1"": 0.01, ""2"": 0, ""3"": 0}",Package.swift:4,s2a-batch-12,25054
838,issue,closed,,api_config,2017-10-10,invalid,Asyncronous send and receive,duplicate_invalid_spam,matches_js_client,0.51,still_applicable,0.3,False,0.04,Important,0.93,"{""0"": 0.31, ""1"": 0.47, ""2"": 0.2, ""3"": 0.02}",Source/SocketIO/Client/SocketIOClientOption.swift:121,s2a-batch-06,34025
841,issue,closed,,namespace,2017-10-14,enhancement|done,Socket Manager for multiplexing namespaces,feature_request,already_addressed,0.91,matches_js_client,0.09,True,0.76,Routine,0.09,"{""0"": 0.93, ""1"": 0.06, ""2"": 0.01, ""3"": 0}",Source/SocketIO/Manager/SocketManager.swift:34,s2a-batch-13,24483
846,issue,closed,,other,2017-10-21,,swift ios存在漏接收数据的情况,defect_current,insufficient_evidence,0.44,already_addressed,0.41,False,0.05,Important,1.33,"{""0"": 0.04, ""1"": 0.59, ""2"": 0.36, ""3"": 0.01}",none,s2a-batch-17,19261
857,issue,closed,,engine_transport,2017-11-07,bug,Reconnecting causes disconnect/reconnect loop when using client certificate authentication,defect_current,still_applicable,0.78,insufficient_evidence,0.19,False,0.03,High,1.74,"{""0"": 0.01, ""1"": 0.27, ""2"": 0.69, ""3"": 0.03}",Source/SocketIO/Engine/SocketEnginePollable.swift:236,s2a-batch-12,25054
870,issue,closed,,other,2017-11-16,,Raw Messages,support_question,matches_js_client,0.47,already_addressed,0.26,False,0.43,Routine,0.02,"{""0"": 0.98, ""1"": 0.02, ""2"": 0, ""3"": 0}",Source/SocketIO/Client/SocketIOClient.swift:777,s2a-batch-17,19261
878,issue,open,,reconnect,2017-11-21,enhancement,Need way to distinguish server disconnects from client disconnects,feature_request,already_addressed,0.48,matches_js_client,0.29,False,0.05,Important,0.62,"{""0"": 0.41, ""1"": 0.56, ""2"": 0.03, ""3"": 0}",Source/SocketIO/Client/SocketIOClient.swift:1476,s2a-batch-22,20287
882,issue,closed,,reconnect,2017-11-26,bug|patched,Unable to reconnect after manually disconnecting,defect_current,already_addressed,0.94,still_applicable,0.03,True,0.83,Important,1.42,"{""0"": 0.03, ""1"": 0.52, ""2"": 0.44, ""3"": 0.01}",Tests/TestSocketIO/E2E/JSParityE2ETest.swift:615,s2a-batch-22,20287
885,issue,closed,,api_config,2017-11-29,enhancement|wontfix,Need off method that accepts a callback reference,feature_request,still_applicable,0.92,matches_js_client,0.04,False,0.06,Routine,0.02,"{""0"": 0.99, ""1"": 0.01, ""2"": 0, ""3"": 0}",Source/SocketIO/Client/SocketIOClient.swift:63,s2a-batch-06,34025
887,issue,closed,,api_config,2017-11-30,bug|unconfirmed,Timeout handler should be invalidated once connection succeed,defect_current,still_applicable,0.7,already_addressed,0.29,False,0.09,Important,1.25,"{""0"": 0.05, ""1"": 0.65, ""2"": 0.29, ""3"": 0.01}",Source/SocketIO/Client/SocketIOClient.swift:305,s2a-batch-06,34025
889,pr,closed,no,other,2017-11-30,,"Big bug in some linux versions was fixed. For example, in my Ubuntu 1…",defect_fixed_or_obsolete,already_addressed,0.91,not_applicable,0.04,False,0.08,Important,1.22,"{""0"": 0.2, ""1"": 0.45, ""2"": 0.28, ""3"": 0.07}",Source/SocketIO/Parse/SocketParsable.swift:122,s2a-batch-17,19261
909,issue,open,,reconnect,2017-12-17,bug|unconfirmed,After connection upgrade to webSocket In case of a failure to reconnect client will never reconnect again and be stuck in an endless reconnect loop,defect_current,still_applicable,0.49,insufficient_evidence,0.34,False,0.04,High,1.96,"{""0"": 0, ""1"": 0.11, ""2"": 0.82, ""3"": 0.07}",Source/SocketIO/Manager/SocketManager.swift:1020,s2a-batch-22,20287
913,issue,open,,api_config,2017-12-19,bug|unconfirmed,Socket disconnects automatically and after disconnect it's not reconnect. Get lots of logs in console.,defect_current,already_addressed,0.5,matches_js_client,0.23,False,0.05,Important,1.01,"{""0"": 0.16, ""1"": 0.67, ""2"": 0.17, ""3"": 0}",CHANGELOG.md:55,s2a-batch-07,7782
915,pr,closed,no,namespace,2017-12-21,,"Add missing `,`  when leaving or joining a namespace",pr_functional,already_addressed,0.98,matches_js_client,0.02,True,0.85,Important,0.73,"{""0"": 0.42, ""1"": 0.44, ""2"": 0.13, ""3"": 0.01}",Source/SocketIO/Manager/SocketManager.swift:417,s2a-batch-13,24483
918,issue,open,,reconnect,2018-01-02,,"Socket disconnects automatically, reconnects, and disconnects again and form a loop.",defect_current,not_applicable,0.9,insufficient_evidence,0.04,False,0.03,Important,0.94,"{""0"": 0.26, ""1"": 0.55, ""2"": 0.18, ""3"": 0.01}",Source/SocketIO/Util/SocketExtensions.swift:114,s2b-batch-16,25403
919,issue,closed,,tls_security,2018-01-03,,Event not posted sometimes,defect_current,already_addressed,0.66,matches_js_client,0.3,False,0.05,Important,1.03,"{""0"": 0.19, ""1"": 0.6, ""2"": 0.2, ""3"": 0.01}",Source/SocketIO/Client/SocketIOClient.swift:521,s2b-batch-23,25926
922,issue,closed,,ack,2018-01-05,,Apple Watch constant `Connecting` status,support_question,insufficient_evidence,0.63,still_applicable,0.19,False,0.03,Routine,0.23,"{""0"": 0.79, ""1"": 0.19, ""2"": 0.02, ""3"": 0}",none,s2b-batch-01,17910
927,pr,closed,no,api_config,2018-01-10,,fix insert invoked twice,pr_functional,still_applicable,0.54,already_addressed,0.43,False,0.06,Routine,0.51,"{""0"": 0.57, ""1"": 0.35, ""2"": 0.07, ""3"": 0.01}",Source/SocketIO/Manager/SocketManager.swift:237,s2b-batch-02,19602
936,issue,closed,,tls_security,2018-01-25,,Can we connect to a TCP socket which requires Two way authenticated communications.,support_question,still_applicable,0.89,insufficient_evidence,0.05,False,0.04,Important,0.85,"{""0"": 0.25, ""1"": 0.66, ""2"": 0.09, ""3"": 0}",Source/SocketIO/Security/SocketTLSConfiguration.swift:9,s2b-batch-23,25926
943,issue,closed,,engine_transport,2018-02-02,,Invalid HTTP upgrade,defect_current,not_applicable,0.98,already_addressed,0.02,False,0.04,Important,0.94,"{""0"": 0.26, ""1"": 0.55, ""2"": 0.17, ""3"": 0.02}",none,s2b-batch-06,40354
945,issue,open,,threading_memory,2018-02-07,bug,session leak,defect_current,already_addressed,0.98,insufficient_evidence,0.01,False,0.06,Important,0.69,"{""0"": 0.41, ""1"": 0.49, ""2"": 0.09, ""3"": 0.01}",Source/SocketIO/Engine/SocketEngine.swift:933,s2b-batch-20,31679
952,issue,open,,parser_binary,2018-02-15,enhancement,Decode responses to Struct via Codable,feature_request,still_applicable,1,not_applicable,0,False,0.03,Routine,0.53,"{""0"": 0.51, ""1"": 0.45, ""2"": 0.04, ""3"": 0}",Source/SocketIO/Util/SocketTypes.swift:77,s2b-batch-14,26398
962,issue,closed,,parser_binary,2018-03-04,bug|unconfirmed,Swift Dictionary converted to JSON with wrong syntax,defect_current,already_addressed,0.95,matches_js_client,0.03,True,0.85,Routine,0.3,"{""0"": 0.75, ""1"": 0.22, ""2"": 0.03, ""3"": 0}",Tests/TestSocketIO/SocketBasicPacketTest.swift:49,s2b-batch-14,26398
992,issue,closed,,parser_binary,2018-03-30,enhancement|done,Add way to skip object binary inspection,feature_request,already_addressed,1,still_applicable,0,True,0.93,Routine,0.17,"{""0"": 0.87, ""1"": 0.11, ""2"": 0.02, ""3"": 0}",Source/SocketIO/Client/SocketRawView.swift:27,s2b-batch-14,26398
995,issue,closed,,reconnect,2018-04-03,unconfirmed,Can't send or receive messages with Xcode 9.3 and iOS 11.3,defect_fixed_or_obsolete,not_applicable,1,still_applicable,0,False,0.02,Routine,0.02,"{""0"": 0.99, ""1"": 0.01, ""2"": 0, ""3"": 0}",Package.swift:6,s2b-batch-16,25403
1001,issue,closed,,tls_security,2018-04-12,,Listener not firing for some messages with Xcode 9.3 and iOS 11.3,defect_fixed_or_obsolete,not_applicable,0.74,insufficient_evidence,0.23,False,0.03,Routine,0.34,"{""0"": 0.71, ""1"": 0.25, ""2"": 0.04, ""3"": 0}",CHANGELOG.md:18,s2b-batch-23,25926
1013,issue,open,,parser_binary,2018-05-07,enhancement,"Question about feature, or possible suggestion",feature_request,still_applicable,1,not_applicable,0,False,0.03,Routine,0.09,"{""0"": 0.92, ""1"": 0.08, ""2"": 0, ""3"": 0}",Source/SocketIO/Client/SocketIOClient.swift:1548,s2b-batch-14,26398
1014,pr,closed,no,threading_memory,2018-05-09,,thread-safety on ackNumber generation and memory leak fix,pr_functional,already_addressed,1,not_applicable,0,True,0.81,Important,1.25,"{""0"": 0.22, ""1"": 0.36, ""2"": 0.36, ""3"": 0.06}",Source/SocketIO/Client/SocketIOClient.swift:2042,s2b-batch-20,31679
1015,pr,closed,no,threading_memory,2018-05-09,,thread-safe ackNumber generation and memory leak fix,defect_current,already_addressed,1,not_applicable,0,True,0.73,Important,1.07,"{""0"": 0.3, ""1"": 0.38, ""2"": 0.27, ""3"": 0.05}",Source/SocketIO/Client/SocketIOClient.swift:2042,s2b-batch-20,31679
1032,issue,closed,,other,2018-06-04,,Could not cast value of type 'NSURL' to 'SocketIO.SocketManagerSpec,defect_fixed_or_obsolete,not_applicable,0.61,already_addressed,0.37,False,0.03,Routine,0.01,"{""0"": 0.99, ""1"": 0.01, ""2"": 0, ""3"": 0}",Source/SocketIO/Client/SocketIOClient.swift:254,s2b-batch-11,18100
1036,issue,closed,,api_config,2018-06-07,,iOS 12: Use the Network.framework for socket connections,feature_request,not_applicable,0.88,still_applicable,0.07,False,0.03,Routine,0.01,"{""0"": 0.99, ""1"": 0.01, ""2"": 0, ""3"": 0}",Documentation/NativeWebSocketTransport.md:6,s2b-batch-02,19602
1040,issue,closed,,api_config,2018-06-13,enhancement,Cannot setConfigs after init in objective-c,feature_request,not_applicable,0.93,still_applicable,0.05,False,0.03,Routine,0.24,"{""0"": 0.78, ""1"": 0.21, ""2"": 0.01, ""3"": 0}",CHANGELOG.md:150,s2b-batch-02,19602
1050,issue,closed,,threading_memory,2018-06-28,,Looks like memory leak within Socket.io,defect_current,already_addressed,0.43,insufficient_evidence,0.29,False,0.03,Routine,0,"{""0"": 1, ""1"": 0, ""2"": 0, ""3"": 0}",none,s2b-batch-20,31679
1051,pr,closed,no,parser_binary,2018-06-28,,Fix for SyntaxError: Unexpected end of JSON input,pr_functional,not_applicable,0.41000000000000003,already_addressed,0.31,False,0.04,Routine,0.51,"{""0"": 0.59, ""1"": 0.33, ""2"": 0.07, ""3"": 0.01}",Source/SocketIO/Engine/SocketEnginePollable.swift:357,s2b-batch-14,26398
1053,issue,closed,,reconnect,2018-07-05,,Not getting Disconnect event when network dosconnects,defect_current,matches_js_client,0.71,still_applicable,0.19,False,0.05,Important,0.97,"{""0"": 0.15, ""1"": 0.73, ""2"": 0.12, ""3"": 0}",Source/SocketIO/Engine/SocketEngine.swift:820,s2b-batch-16,25403
1055,issue,closed,,engine_transport,2018-07-11,,SocketIO logs show connected but emit refuses,defect_current,still_applicable,0.39,not_applicable,0.18,False,0.05,Important,1.13,"{""0"": 0.11, ""1"": 0.66, ""2"": 0.22, ""3"": 0.01}",none,s2b-batch-06,40354
1057,issue,closed,,engine_transport,2018-07-18,enhancement|done,Supporting load balancers,feature_request,already_addressed,1,insufficient_evidence,0,True,0.86,Important,0.96,"{""0"": 0.21, ""1"": 0.62, ""2"": 0.16, ""3"": 0.01}",Tests/TestSocketIO/E2E/EngineRemainingParityE2ETest.swift:186,s2b-batch-06,40354
1072,issue,closed,,other,2018-08-16,,How to import with Flutter,feature_request,not_applicable,1,insufficient_evidence,0,False,0.03,Routine,0,"{""0"": 1, ""1"": 0, ""2"": 0, ""3"": 0}",README.md:59,s2b-batch-11,18100
1076,issue,open,,threading_memory,2018-08-28,bug|unconfirmed,How can i fix this kind of crash?(specialized closure #1 in....),defect_current,not_applicable,1,already_addressed,0,False,0.03,Routine,0.1,"{""0"": 0.91, ""1"": 0.08, ""2"": 0.01, ""3"": 0}",none,s2b-batch-20,31679
1096,issue,closed,,api_config,2018-09-28,enhancement|done,Feature Request: completion handler for writes,feature_request,already_addressed,0.97,still_applicable,0.02,True,0.83,High,2.09,"{""0"": 0.02, ""1"": 0.15, ""2"": 0.57, ""3"": 0.26}",Source/SocketIO/Client/SocketIOClientSpec.swift:112,s2b-batch-02,19602
1100,issue,closed,,reconnect,2018-10-04,bug|unconfirmed,Change connectParams doesn't work,defect_current,already_addressed,0.5599999999999999,still_applicable,0.31,False,0.05,Important,0.89,"{""0"": 0.19, ""1"": 0.73, ""2"": 0.08, ""3"": 0}",Source/SocketIO/Engine/SocketEngine.swift:64,s2b-batch-16,25403
1102,pr,closed,no,engine_transport,2018-10-08,,Propagate http header callback from websocket back to client.,pr_functional,already_addressed,0.91,not_applicable,0.05,False,0.46,Routine,0.24,"{""0"": 0.78, ""1"": 0.2, ""2"": 0.02, ""3"": 0}",Source/SocketIO/Client/SocketIOClientSpec.swift:529,s2b-batch-06,40354
1103,pr,closed,no,engine_transport,2018-10-08,,Propagate http header callback from websocket back to client.,pr_functional,already_addressed,0.95,not_applicable,0.03,True,0.65,Routine,0.25,"{""0"": 0.78, ""1"": 0.2, ""2"": 0.02, ""3"": 0}",Source/SocketIO/Client/SocketIOClientSpec.swift:529,s2b-batch-06,40354
1114,issue,closed,,api_config,2018-10-23,,Feature request - Option for using web sockets via Network.framework,feature_request,not_applicable,0.62,still_applicable,0.32,False,0.03,Routine,0.01,"{""0"": 0.99, ""1"": 0.01, ""2"": 0, ""3"": 0}",Documentation/NativeWebSocketTransport.md:6,s2b-batch-02,19602
1118,issue,closed,,threading_memory,2018-11-07,,Optional write completion handler for emit's cause major crashes,defect_current,not_applicable,0.74,already_addressed,0.26,False,0.03,Routine,0.66,"{""0"": 0.55, ""1"": 0.28, ""2"": 0.13, ""3"": 0.04}",none,s2b-batch-20,31679
1136,issue,open,,reconnect,2018-12-12,bug|unconfirmed,Automatically reconnected after disconnect,defect_current,already_addressed,0.91,matches_js_client,0.05,False,0.34,Important,0.93,"{""0"": 0.24, ""1"": 0.6, ""2"": 0.15, ""3"": 0.01}",Tests/TestSocketIO/SocketReconnectEventsTest.swift:298,s2b-batch-16,25403
1137,issue,open,,reconnect,2018-12-17,bug|unconfirmed,socket event listeners not removing after disconnect in objective c,defect_current,not_applicable,0.66,matches_js_client,0.33,False,0.03,Important,0.66,"{""0"": 0.41, ""1"": 0.52, ""2"": 0.07, ""3"": 0}",Source/SocketIO/Client/SocketIOClient.swift:1712,s2b-batch-16,25403
1139,issue,closed,,reconnect,2018-12-18,,"After reconnecting multiple times, the message can be successfully sent.",defect_fixed_or_obsolete,already_addressed,0.54,matches_js_client,0.42,False,0.09,Important,1.08,"{""0"": 0.17, ""1"": 0.59, ""2"": 0.23, ""3"": 0.01}",Tests/TestSocketIO/SocketReconnectEventsTest.swift:452,s2b-batch-16,25403
1141,issue,open,,tls_security,2019-01-02,,[__NSMallocBlock__ _fastCStringContents:]: unrecognized selector sent to instance 0x283bfbc30,defect_current,not_applicable,0.63,insufficient_evidence,0.37,False,0.02,Routine,0.63,"{""0"": 0.52, ""1"": 0.36, ""2"": 0.1, ""3"": 0.02}",CHANGELOG.md:150,s2b-batch-23,25926
1142,issue,open,,reconnect,2019-01-03,,"In the process of using it, I received connect monitoring without receiving disconnection monitoring, and many times.",defect_current,not_applicable,1,still_applicable,0,False,0.02,Routine,0.03,"{""0"": 0.97, ""1"": 0.03, ""2"": 0, ""3"": 0}",none,s2b-batch-16,25403
1143,issue,open,,ack,2019-01-04,,Socket Emit Ack false,defect_current,not_applicable,0.83,matches_js_client,0.15,False,0.04,Routine,0.4,"{""0"": 0.65, ""1"": 0.3, ""2"": 0.04, ""3"": 0.01}",Source/SocketIO/Client/SocketIOClient.swift:972,s2b-batch-01,17910
1147,issue,closed,,reconnect,2019-01-11,bug|patched,_SwiftValue appears in objective-c  projects,defect_current,already_addressed,0.6799999999999999,not_applicable,0.26,False,0.05,Important,1.2,"{""0"": 0.12, ""1"": 0.58, ""2"": 0.29, ""3"": 0.01}",Source/SocketIO/Client/SocketIOClient.swift:90,s2b-batch-17,25193
1150,issue,open,,parser_binary,2019-01-17,enhancement,Custom parser for iOS app,feature_request,still_applicable,1,not_applicable,0,False,0.03,Routine,0.42,"{""0"": 0.61, ""1"": 0.37, ""2"": 0.02, ""3"": 0}",Source/SocketIO/Client/SocketIOClientOption.swift:174,s2b-batch-14,26398
1154,issue,open,,api_config,2019-01-28,,connect timeout doesn't called when network is off,defect_current,still_applicable,0.55,matches_js_client,0.33,False,0.44,Important,1.06,"{""0"": 0.09, ""1"": 0.77, ""2"": 0.14, ""3"": 0}",Source/SocketIO/Client/SocketIOClient.swift:290,s2b-batch-02,19602
1156,issue,closed,,engine_transport,2019-02-03,,Connect  / disconnect loop,defect_current,already_addressed,1,insufficient_evidence,0,True,0.64,High,1.8,"{""0"": 0.01, ""1"": 0.24, ""2"": 0.6900000000000001, ""3"": 0.06}",Tests/TestSocketIO/SocketNativeEngineTest.swift:341,s2b-batch-06,40354
1157,issue,open,,tls_security,2019-02-05,,SSL / TLS client certificate authentication,feature_request,still_applicable,0.89,not_applicable,0.1,False,0.04,Important,1.14,"{""0"": 0.11, ""1"": 0.65, ""2"": 0.24, ""3"": 0}",Documentation/NativeWebSocketTransport.md:5,s2b-batch-23,25926
1161,issue,open,,reconnect,2019-02-14,,"After each connection, it will be disconnected No rules.",defect_current,not_applicable,0.7,insufficient_evidence,0.2,False,0.03,Important,1.19,"{""0"": 0.06, ""1"": 0.69, ""2"": 0.25, ""3"": 0}",Source/SocketIO/Engine/Transport/URLSessionWebSocketTransport.swift:136,s2b-batch-17,25193
1162,issue,open,,reconnect,2019-02-26,,"I use this socket. io-client-swift (the latest version of 14.0.0) to do chat function, always appear for a period of time, then the problem of disconnection, God knows what happened?",defect_current,insufficient_evidence,0.76,still_applicable,0.2,False,0.04,Routine,0.53,"{""0"": 0.51, ""1"": 0.45, ""2"": 0.04, ""3"": 0}",none,s2b-batch-17,25193
1163,issue,open,,api_config,2019-02-26,,Socket event not connect after disconnect,defect_current,insufficient_evidence,0.62,matches_js_client,0.26,False,0.14,Important,0.71,"{""0"": 0.35, ""1"": 0.59, ""2"": 0.06, ""3"": 0}",none,s2b-batch-02,19602
1166,issue,open,,other,2019-03-06,,"in swift ,  on(_:callback:)  EXC_BAD_INSTRUCTION",defect_current,not_applicable,0.97,insufficient_evidence,0.02,False,0.04,Routine,0.3,"{""0"": 0.74, ""1"": 0.24, ""2"": 0.02, ""3"": 0}",Source/SocketIO/Client/SocketIOClient.swift:1548,s2b-batch-11,18100
1167,issue,open,,reconnect,2019-03-15,,manager .disconnect () fail,defect_current,matches_js_client,0.94,still_applicable,0.03,False,0.04,Routine,0.48,"{""0"": 0.56, ""1"": 0.41, ""2"": 0.03, ""3"": 0}",Source/SocketIO/Manager/SocketManager.swift:459,s2b-batch-17,25193
1168,issue,open,,engine_transport,2019-03-16,,When i use emit ack false and data is empty,support_question,not_applicable,0.67,insufficient_evidence,0.24,False,0.04,Routine,0.29,"{""0"": 0.75, ""1"": 0.23, ""2"": 0.02, ""3"": 0}",none,s2b-batch-06,40354
1169,issue,open,,engine_transport,2019-03-19,,Transports property of configuration options in Android?,feature_request,already_addressed,0.92,matches_js_client,0.07,True,0.79,Routine,0.4,"{""0"": 0.62, ""1"": 0.36, ""2"": 0.02, ""3"": 0}",Source/SocketIO/Client/SocketIOClientOption.swift:104,s2b-batch-06,40354
1170,issue,open,,engine_transport,2019-03-19,,using websocket chatting doesn't receive right message when not in english,defect_current,already_addressed,0.79,matches_js_client,0.2,True,0.79,Important,1.12,"{""0"": 0.18, ""1"": 0.55, ""2"": 0.25, ""3"": 0.02}",Tests/TestSocketIO/SocketEngineTest.swift:100,s2b-batch-07,26585
1171,issue,open,,parser_binary,2019-03-20,,found some bug i think in json seralization socketextension str.toarray(),defect_current,already_addressed,0.96,not_applicable,0.04,True,0.85,Routine,0.09,"{""0"": 0.93, ""1"": 0.06, ""2"": 0.01, ""3"": 0}",Tests/TestSocketIO/E2E/JSParityE2ETest.swift:381,s2b-batch-14,26398
1172,issue,open,,api_config,2019-03-20,,Few events are not called but connection is made properly,defect_current,insufficient_evidence,0.92,not_applicable,0.08,False,0.02,Routine,0.28,"{""0"": 0.73, ""1"": 0.26, ""2"": 0.01, ""3"": 0}",none,s2b-batch-02,19602
1173,issue,open,,threading_memory,2019-03-22,,Large Memory Footprint When Processing Large Messages,defect_current,not_applicable,0.69,already_addressed,0.19,False,0.13,Important,0.71,"{""0"": 0.39, ""1"": 0.52, ""2"": 0.08, ""3"": 0.01}",none,s2b-batch-20,31679
1183,issue,open,,api_config,2019-03-29,,"Client called Connect first, then called Error when server throw next(error). Why connect was still called when server already throw a error?",defect_current,already_addressed,0.52,matches_js_client,0.47,True,0.75,High,1.64,"{""0"": 0.01, ""1"": 0.36, ""2"": 0.61, ""3"": 0.02}",Source/SocketIO/Client/SocketIOClient.swift:1484,s2b-batch-03,30287
1191,issue,open,,engine_transport,2019-04-24,,Loosing extraHeaders when locking - unlocking device twice,defect_current,already_addressed,0.52,matches_js_client,0.43,False,0.37,High,1.56,"{""0"": 0.03, ""1"": 0.39, ""2"": 0.55, ""3"": 0.02}",Source/SocketIO/Engine/SocketEngineSpec.swift:248,s2b-batch-07,26585
1193,issue,open,,threading_memory,2019-04-29,,handleAck crash,defect_current,already_addressed,0.95,still_applicable,0.05,True,0.56,High,2.09,"{""0"": 0.04, ""1"": 0.14, ""2"": 0.52, ""3"": 0.3}",Source/SocketIO/Ack/SocketAckManager.swift:84,s2b-batch-20,31679
1194,issue,open,,ack,2019-05-02,bug,SocketIOClient Triggers `connect` event too early,defect_current,already_addressed,0.51,matches_js_client,0.48,False,0.47,High,1.58,"{""0"": 0.07, ""1"": 0.35, ""2"": 0.52, ""3"": 0.06}",Source/SocketIO/Client/SocketIOClient.swift:1460,s2b-batch-01,17910
1198,pr,closed,no,other,2019-05-17,,Expose SocketIOClient and SocketAnyEvent to objective c,pr_functional,not_applicable,0.99,still_applicable,0.01,False,0.02,Routine,0.02,"{""0"": 0.99, ""1"": 0.01, ""2"": 0, ""3"": 0}",CHANGELOG.md:150,s2b-batch-11,18100
1200,issue,open,,api_config,2019-05-29,,SocketManager.init failing with config options,defect_current,still_applicable,0.71,already_addressed,0.23,False,0.1,High,2.01,"{""0"": 0.01, ""1"": 0.14, ""2"": 0.67, ""3"": 0.18}",Source/SocketIO/Util/SocketExtensions.swift:114,s2b-batch-03,30287
1205,issue,closed,,engine_transport,2019-06-17,,RxSocket.io,feature_request,not_applicable,0.89,still_applicable,0.06,False,0.03,Routine,0,"{""0"": 1, ""1"": 0, ""2"": 0, ""3"": 0}",none,s2b-batch-07,26585
1206,issue,closed,,tls_security,2019-06-18,,Should update v9.x socket.io 1.0 with swift 5,feature_request,not_applicable,1,insufficient_evidence,0,False,0.05,Routine,0.04,"{""0"": 0.97, ""1"": 0.03, ""2"": 0, ""3"": 0}",Documentation/SocketIO4Swift6Migration.md:16,s2b-batch-23,25926
1208,issue,closed,,other,2019-06-24,,Outgoing port,feature_request,matches_js_client,0.72,still_applicable,0.26,False,0.03,Routine,0.01,"{""0"": 0.99, ""1"": 0.01, ""2"": 0, ""3"": 0}",Source/SocketIO/Engine/SocketEngine.swift:444,s2b-batch-11,18100
1212,issue,open,,engine_transport,2019-07-04,,The network connection was lost,support_question,not_applicable,0.96,still_applicable,0.03,False,0.05,Routine,0.28,"{""0"": 0.74, ""1"": 0.24, ""2"": 0.02, ""3"": 0}",Source/SocketIO/Engine/SocketEnginePollable.swift:247,s2b-batch-07,26585
1213,pr,closed,no,other,2019-07-05,,Auto detect which protocol to use depend on url scheme,pr_functional,matches_js_client,0.8,already_addressed,0.12,False,0.34,Routine,0.48,"{""0"": 0.6900000000000001, ""1"": 0.19, ""2"": 0.09, ""3"": 0.03}",Source/SocketIO/Engine/SocketEngine.swift:211,s2b-batch-11,18100
1214,pr,closed,no,other,2019-07-05,,Auto detect which protocol to use depend on url scheme,pr_functional,matches_js_client,0.8,already_addressed,0.1,False,0.35,Routine,0.57,"{""0"": 0.59, ""1"": 0.27, ""2"": 0.11, ""3"": 0.03}",Source/SocketIO/Engine/SocketEngine.swift:211,s2b-batch-11,18100
1215,issue,open,,engine_transport,2019-07-07,,Apple Watch OS 6 supported with new websocket API?,feature_request,already_addressed,0.7,still_applicable,0.27,False,0.06,Routine,0.54,"{""0"": 0.51, ""1"": 0.43, ""2"": 0.06, ""3"": 0}",Package.swift:6,s2b-batch-07,26585
1217,issue,open,,engine_transport,2019-07-18,,服务器返回中文乱码，forcePolling设置为NO后，就第一次接收的消息偶尔为乱码,defect_current,not_applicable,0.93,already_addressed,0.04,False,0.38,Important,0.77,"{""0"": 0.36, ""1"": 0.52, ""2"": 0.11, ""3"": 0.01}",Tests/TestSocketIO/SocketEngineTest.swift:100,s2b-batch-07,26585
1219,issue,closed,,threading_memory,2019-07-31,,EXC_BAD_ACCESS KERN_INVALID_ADDRESS Crash,defect_current,still_applicable,0.43,already_addressed,0.4,False,0.06,Important,1.24,"{""0"": 0.1, ""1"": 0.58, ""2"": 0.29, ""3"": 0.03}",Source/SocketIO/Ack/SocketAckManager.swift:84,s2b-batch-21,19750
1223,issue,closed,,engine_transport,2019-08-09,,Causes the URLSession dataTask request to be unresponsive,insufficient_evidence,insufficient_evidence,0.39999999999999997,already_addressed,0.36,False,0.03,Routine,0.15,"{""0"": 0.86, ""1"": 0.13, ""2"": 0.01, ""3"": 0}",none,s2b-batch-07,26585
1226,issue,closed,,reconnect,2019-08-21,,swift：disconnect method Can't disconnect from server,insufficient_evidence,insufficient_evidence,0.83,matches_js_client,0.11,False,0.03,Routine,0.06,"{""0"": 0.94, ""1"": 0.05, ""2"": 0.01, ""3"": 0}",none,s2b-batch-17,25193
1227,issue,open,,other,2019-08-30,,Request for a socket.io and socket.io-client-swift compatible versions table.,docs_gap,already_addressed,0.87,still_applicable,0.12,False,0.03,Routine,0.08,"{""0"": 0.93, ""1"": 0.07, ""2"": 0, ""3"": 0}",Usage Docs/Compatibility.md:6,s2b-batch-11,18100
1232,issue,closed,,api_config,2019-09-18,,Emit Function not working on some ios devices,support_question,not_applicable,1,insufficient_evidence,0,False,0.04,Routine,0.24,"{""0"": 0.8, ""1"": 0.16, ""2"": 0.03, ""3"": 0.01}",CHANGELOG.md:150,s2b-batch-03,30287
1233,pr,open,no,other,2019-09-22,,Fix connection error handling if the connection state is wrong,defect_current,still_applicable,0.77,already_addressed,0.13,False,0.34,Important,1.16,"{""0"": 0.13, ""1"": 0.6, ""2"": 0.25, ""3"": 0.02}",Source/SocketIO/Client/SocketIOClient.swift:286,s2b-batch-12,19101
1239,issue,closed,,threading_memory,2019-10-06,,crash ：App init (SocketEngine.swift:),defect_current,insufficient_evidence,0.86,still_applicable,0.11,False,0.02,Routine,0.4,"{""0"": 0.7, ""1"": 0.22, ""2"": 0.06, ""3"": 0.02}",Source/SocketIO/Engine/SocketEngine.swift:39,s2b-batch-21,19750
1242,issue,closed,,threading_memory,2019-10-15,,I need open  #1156， this bug,insufficient_evidence,insufficient_evidence,1,already_addressed,0,False,0.03,Routine,0.01,"{""0"": 0.99, ""1"": 0.01, ""2"": 0, ""3"": 0}",none,s2b-batch-21,19750
1243,issue,closed,,reconnect,2019-10-15,,"I need open  #1156,This bug still exists with `Multiple Reconnect` and `Multiple Connect`",defect_current,insufficient_evidence,0.6,already_addressed,0.25,False,0.04,Routine,0.45,"{""0"": 0.59, ""1"": 0.38, ""2"": 0.03, ""3"": 0}",Source/SocketIO/Manager/SocketManager.swift:282,s2b-batch-17,25193
1250,issue,closed,,threading_memory,2019-10-31,,"Crash in FoundationStream.write(data:), similar to https://github.com/socketio/socket.io-client-swift/issues/1118",defect_current,not_applicable,0.95,already_addressed,0.05,False,0.03,Routine,0.98,"{""0"": 0.53, ""1"": 0.15, ""2"": 0.12, ""3"": 0.2}",Documentation/NativeWebSocketTransport.md:5,s2b-batch-21,19750
1251,issue,closed,,threading_memory,2019-11-08,,iOS13 15.2.0 Crash!,defect_current,insufficient_evidence,1,already_addressed,0,False,0.03,Routine,0.36,"{""0"": 0.7, ""1"": 0.24, ""2"": 0.05, ""3"": 0.01}",none,s2b-batch-21,19750
1255,issue,open,,namespace,2019-11-26,,"""Tried emitting when not connected"" while being actually connected",defect_current,already_addressed,0.56,matches_js_client,0.34,True,0.6,High,1.71,"{""0"": 0.02, ""1"": 0.3, ""2"": 0.62, ""3"": 0.06}",Source/SocketIO/Client/SocketIOClient.swift:923,s2b-batch-10,13833
1258,issue,closed,,engine_transport,2020-01-03,enhancement,Plan to support Starscream v4,feature_request,not_applicable,0.78,already_addressed,0.21,False,0.06,High,1.28,"{""0"": 0.24, ""1"": 0.3, ""2"": 0.4, ""3"": 0.06}",README.md:886,s2b-batch-07,26585
1259,issue,open,,other,2020-01-04,enhancement,Protobuf,feature_request,still_applicable,0.61,insufficient_evidence,0.36,False,0.02,Routine,0.01,"{""0"": 1, ""1"": 0, ""2"": 0, ""3"": 0}",none,s2b-batch-12,19101
1262,issue,open,,engine_transport,2020-01-07,,No elapsed time (latency) in pong event,defect_current,matches_js_client,0.95,still_applicable,0.05,False,0.35,Routine,0.06,"{""0"": 0.95, ""1"": 0.05, ""2"": 0, ""3"": 0}",Source/SocketIO/Manager/SocketManager.swift:725,s2b-batch-08,33966
1263,issue,open,,namespace,2020-01-17,,SocketIOStatus error,defect_current,not_applicable,0.99,insufficient_evidence,0.01,False,0.03,Routine,0.04,"{""0"": 0.97, ""1"": 0.03, ""2"": 0, ""3"": 0}",CHANGELOG.md:150,s2b-batch-10,13833
1264,issue,open,,parser_binary,2020-01-29,,Sometime emitting getting failed and seems like socket get stuck on request,defect_current,insufficient_evidence,1,still_applicable,0,False,0.02,Routine,0.34,"{""0"": 0.69, ""1"": 0.28, ""2"": 0.03, ""3"": 0}",none,s2b-batch-14,26398
1270,issue,open,,namespace,2020-03-11,,Socket with custom namespace sent event but status is still connecting,defect_current,already_addressed,0.56,matches_js_client,0.39,False,0.34,Important,1.4,"{""0"": 0.07, ""1"": 0.5, ""2"": 0.4, ""3"": 0.03}",Source/SocketIO/Client/SocketIOClient.swift:1450,s2b-batch-10,13833
1272,issue,open,,other,2020-03-12,,"receive message in Chinese will be show unrecognizable characters, like ä½ å¥½å^P^W",defect_current,already_addressed,0.97,not_applicable,0.02,True,0.72,Routine,0.49,"{""0"": 0.57, ""1"": 0.38, ""2"": 0.05, ""3"": 0}",Tests/TestSocketIO/SocketEngineTest.swift:100,s2b-batch-12,19101
1282,issue,open,,reconnect,2020-04-22,,reconnect not disabled after disconnect,defect_current,already_addressed,0.6,matches_js_client,0.23,False,0.05,High,1.51,"{""0"": 0.04, ""1"": 0.44, ""2"": 0.5, ""3"": 0.02}",Source/SocketIO/Manager/SocketManager.swift:503,s2c-batch-05,13591
1287,issue,open,,parser_binary,2020-05-12,,Base64 encoded images emitting problem,defect_current,not_applicable,0.9299999999999999,insufficient_evidence,0.02,False,0.04,Routine,0.36,"{""0"": 0.69, ""1"": 0.27, ""2"": 0.04, ""3"": 0}",README.md:5,s2c-batch-04,7967
1288,issue,open,,ack,2020-05-13,,xcode 11 socket connect error: tried emitting when not connected,defect_current,already_addressed,0.88,matches_js_client,0.09,True,0.57,Important,1.41,"{""0"": 0.04, ""1"": 0.52, ""2"": 0.42, ""3"": 0.02}",Tests/TestSocketIO/SocketSendBufferTest.swift:54,s2c-batch-01,8873
1289,issue,open,,engine_transport,2020-05-20,,Socket Keeps reconnecting,defect_current,not_applicable,0.92,insufficient_evidence,0.04,False,0.05,Important,0.84,"{""0"": 0.3, ""1"": 0.57, ""2"": 0.12, ""3"": 0.01}",Source/SocketIO/Engine/SocketEngine.swift:386,s2c-batch-02,12964
1290,issue,open,,ack,2020-05-30,,Pointer being freed was not allocated | Random Crash,defect_current,already_addressed,0.52,insufficient_evidence,0.44,False,0.06,Critical,2.5,"{""0"": 0, ""1"": 0.03, ""2"": 0.43, ""3"": 0.54}",Source/SocketIO/Ack/SocketAckManager.swift:68,s2c-batch-01,8873
1292,issue,open,,threading_memory,2020-06-12,,Crash on com.socketio.engineHandleQueue,defect_current,not_applicable,0.99,already_addressed,0.01,False,0.02,Routine,0.25,"{""0"": 0.81, ""1"": 0.13, ""2"": 0.04, ""3"": 0.01}",README.md:886,s2c-batch-06,6050
1293,issue,open,,reconnect,2020-06-17,,Emitting in connect event after disconnection,defect_current,already_addressed,0.84,insufficient_evidence,0.06,False,0.05,Important,1.21,"{""0"": 0.06, ""1"": 0.67, ""2"": 0.26, ""3"": 0.01}",Source/SocketIO/Client/SocketIOClient.swift:526,s2c-batch-05,13591
1297,issue,open,,namespace,2020-06-29,,Extract namespace and query parameters from SocketManager URL,feature_request,already_addressed,0.86,still_applicable,0.1,False,0.43,High,1.5,"{""0"": 0.03, ""1"": 0.45, ""2"": 0.51, ""3"": 0.01}",Source/SocketIO/Manager/SocketManager.swift:54,s2c-batch-03,5306
1298,issue,open,,parser_binary,2020-07-23,,cannot received correct mixed binary message,defect_current,already_addressed,0.84,still_applicable,0.08,True,0.72,Important,1.45,"{""0"": 0.05, ""1"": 0.49, ""2"": 0.42, ""3"": 0.04}",Tests/TestSocketIO/SocketSideEffectTest.swift:160,s2c-batch-04,7967
1301,issue,closed,,engine_transport,2020-08-24,,Handlers not called except for event '.webSocketUpgrade',defect_current,already_addressed,0.47000000000000003,still_applicable,0.4,False,0.1,High,1.66,"{""0"": 0.01, ""1"": 0.35, ""2"": 0.61, ""3"": 0.03}",Source/SocketIO/Manager/SocketManager.swift:326,s2c-batch-02,12964
1308,issue,closed,,other,2020-11-07,enhancement,socket.io 3,feature_request,already_addressed,0.6799999999999999,not_applicable,0.17,False,0.17,Routine,0.36,"{""0"": 0.7, ""1"": 0.26, ""2"": 0.04, ""3"": 0}",CHANGELOG.md:151,s2b-batch-12,19101
1320,pr,open,no,api_config,2020-12-28,,Combine support,pr_functional,insufficient_evidence,0.8,still_applicable,0.17,False,0.03,Routine,0.01,"{""0"": 0.99, ""1"": 0.01, ""2"": 0, ""3"": 0}",none,s2b-batch-03,30287
1321,issue,closed,,parser_binary,2021-01-04,,"Can we receive event arguments as a raw string, to parse into a Swift struct using codable",feature_request,matches_js_client,0.79,still_applicable,0.2,False,0.03,Routine,0.01,"{""0"": 0.99, ""1"": 0.01, ""2"": 0, ""3"": 0}",Source/SocketIO/Parse/SocketParsable.swift:176,s2b-batch-15,33772
1322,issue,closed,,parser_binary,2021-01-04,,"Can we receive event arguments as raw strings, to then parse into Swift structs using Codable?",feature_request,matches_js_client,0.66,still_applicable,0.31,False,0.04,Routine,0.07,"{""0"": 0.94, ""1"": 0.05, ""2"": 0.01, ""3"": 0}",Source/SocketIO/Parse/SocketParsable.swift:176,s2b-batch-15,33772
1323,issue,open,,api_config,2021-02-05,,Emit parameters wrapped twice,defect_current,still_applicable,0.68,already_addressed,0.31,False,0.23,Important,0.89,"{""0"": 0.21, ""1"": 0.69, ""2"": 0.1, ""3"": 0}",Source/SocketIO/Client/SocketIOClient.swift:610,s2b-batch-03,30287
1325,issue,open,,engine_transport,2021-02-10,,"When i use emit ""Ack: false""",support_question,not_applicable,0.75,already_addressed,0.13,False,0.05,Routine,0.21,"{""0"": 0.81, ""1"": 0.17, ""2"": 0.02, ""3"": 0}",Source/SocketIO/Client/SocketIOClient.swift:972,s2b-batch-08,33966
1326,issue,open,,api_config,2021-02-11,,v16 EXC_BAD_ACCESS,defect_current,still_applicable,0.56,insufficient_evidence,0.24,False,0.16,High,1.82,"{""0"": 0.01, ""1"": 0.27, ""2"": 0.6, ""3"": 0.12}",Source/SocketIO/Util/SocketExtensions.swift:117,s2b-batch-03,30287
1329,issue,open,,engine_transport,2021-02-19,,"Connection succeeds, even after timeout triggered",defect_current,already_addressed,0.92,matches_js_client,0.07,True,0.85,Important,1.24,"{""0"": 0.2, ""1"": 0.41, ""2"": 0.33, ""3"": 0.06}",Tests/TestSocketIO/SocketConnectTimeoutTest.swift:198,s2b-batch-08,33966
1330,issue,open,,reconnect,2021-02-23,,Reconnection getting failed on Lock Screen iOS,defect_current,not_applicable,0.46,still_applicable,0.38,False,0.03,Important,1.49,"{""0"": 0.02, ""1"": 0.48, ""2"": 0.48, ""3"": 0.02}",Source/SocketIO/Manager/SocketManager.swift:970,s2b-batch-17,25193
1331,pr,open,no,parser_binary,2021-02-23,,Add option to disableEventMessageParsing and receive messages as Strings,pr_functional,not_applicable,0.9,still_applicable,0.06,False,0.03,Routine,0.01,"{""0"": 0.99, ""1"": 0.01, ""2"": 0, ""3"": 0}",none,s2b-batch-15,33772
1336,issue,open,,tls_security,2021-03-02,,Idea: Improve release notes for 16.x (Link to upgrading notes?),docs_gap,still_applicable,0.63,not_applicable,0.35,False,0.02,Routine,0.01,"{""0"": 0.99, ""1"": 0.01, ""2"": 0, ""3"": 0}",CHANGELOG.md:19,s2b-batch-23,25926
1341,issue,open,,threading_memory,2021-04-02,,SIGTRAP,defect_current,not_applicable,0.5700000000000001,still_applicable,0.25,False,0.03,Important,1.45,"{""0"": 0.08, ""1"": 0.49, ""2"": 0.33, ""3"": 0.1}",Source/SocketIO/Client/SocketIOClient.swift:1548,s2b-batch-21,19750
1344,issue,open,,ack,2021-04-07,,"Getting ERROR SocketManager: Invalid HTTP upgrade. code=400, type=upgradeError",defect_current,not_applicable,0.98,already_addressed,0.02,False,0.03,Routine,0.51,"{""0"": 0.61, ""1"": 0.3, ""2"": 0.08, ""3"": 0.01}",Documentation/NativeWebSocketTransport.md:7,s2b-batch-01,17910
1345,issue,open,,tls_security,2021-04-07,,"event socket.on not recieve data, but in log in socket data is recieved",support_question,insufficient_evidence,0.96,already_addressed,0.03,False,0.03,Routine,0.26,"{""0"": 0.76, ""1"": 0.23, ""2"": 0.01, ""3"": 0}",none,s2b-batch-23,25926
1346,issue,open,,threading_memory,2021-04-09,,Crash inside the SocketIOClient,defect_current,insufficient_evidence,1,already_addressed,0,False,0.03,Routine,0.7,"{""0"": 0.47, ""1"": 0.39, ""2"": 0.12, ""3"": 0.02}",none,s2b-batch-21,19750
1353,issue,open,,api_config,2021-05-06,,Socket.io v16.0.0-16.0.1 emit event twice?,defect_current,still_applicable,0.39999999999999997,insufficient_evidence,0.22,False,0.3,Important,1.13,"{""0"": 0.13, ""1"": 0.61, ""2"": 0.25, ""3"": 0.01}",Tests/TestSocketIO/SocketAnyListenersTest.swift:78,s2b-batch-03,30287
1358,issue,open,,other,2021-06-16,,Property 'defaultSocket' not found on object of type 'SocketManager *',support_question,not_applicable,0.76,already_addressed,0.2,False,0.06,Routine,0.62,"{""0"": 0.49, ""1"": 0.4, ""2"": 0.1, ""3"": 0.01}",CHANGELOG.md:150,s2b-batch-12,19101
1361,issue,open,,other,2021-07-09,,Issue with socket.io v4 and socket.io-client-swift v15.0.0,defect_current,already_addressed,0.94,insufficient_evidence,0.03,False,0.18,Routine,0.38,"{""0"": 0.68, ""1"": 0.27, ""2"": 0.04, ""3"": 0.01}",README.md:3,s2b-batch-12,19101
1363,issue,open,,api_config,2021-07-11,,Not Receiving Private Events for Subscribed Channels,defect_current,insufficient_evidence,0.91,not_applicable,0.09,False,0.03,Important,0.88,"{""0"": 0.22, ""1"": 0.68, ""2"": 0.1, ""3"": 0}",none,s2b-batch-03,30287
1365,issue,open,,api_config,2021-07-21,,"Add completion handler to SocketIOClient connect, disconnect, and emit methods",feature_request,still_applicable,0.68,matches_js_client,0.25,False,0.3,Routine,0.27,"{""0"": 0.74, ""1"": 0.25, ""2"": 0.01, ""3"": 0}",Source/SocketIO/Client/SocketIOClient.swift:286,s2b-batch-04,19156
1373,issue,open,,tls_security,2021-08-18,,Socket.IO pinning certificate not working in v16.x,support_question,already_addressed,0.86,not_applicable,0.1,False,0.35,Important,1.25,"{""0"": 0.09, ""1"": 0.59, ""2"": 0.31, ""3"": 0.01}",Source/SocketIO/Security/SocketTLSConfiguration.swift:13,s2b-batch-24,12468
1374,issue,open,,api_config,2021-08-19,,SocketIOClient always return connected status when the internet has shutdown,defect_current,still_applicable,0.36,already_addressed,0.25,False,0.33,Important,1.14,"{""0"": 0.08, ""1"": 0.7, ""2"": 0.21, ""3"": 0.01}",Source/SocketIO/Engine/SocketEngine.swift:823,s2b-batch-04,19156
1380,issue,open,,engine_transport,2021-09-23,,Emit doesn't work,defect_current,insufficient_evidence,0.43,already_addressed,0.3,False,0.07,Routine,0.16,"{""0"": 0.87, ""1"": 0.12, ""2"": 0.01, ""3"": 0}",none,s2b-batch-08,33966
1389,issue,open,,parser_binary,2021-12-01,,Timestamp sometimes Int and sometimes String,defect_current,matches_js_client,0.9,already_addressed,0.07,False,0.06,Routine,0.4,"{""0"": 0.66, ""1"": 0.29, ""2"": 0.04, ""3"": 0.01}",Source/SocketIO/Parse/SocketParsable.swift:176,s2b-batch-15,33772
1391,issue,open,,other,2021-12-03,,Compatibility table link does not work,docs_gap,still_applicable,0.47,insufficient_evidence,0.28,False,0.03,Routine,0.02,"{""0"": 0.98, ""1"": 0.02, ""2"": 0, ""3"": 0}",Usage Docs/Compatibility.md:1,s2b-batch-12,19101
1392,issue,open,,namespace,2021-12-09,,error with data: [Invalid namespace],support_question,matches_js_client,0.84,already_addressed,0.09,False,0.03,Routine,0.42,"{""0"": 0.63, ""1"": 0.33, ""2"": 0.04, ""3"": 0}",Source/SocketIO/Client/SocketIOClient.swift:1477,s2b-batch-10,13833
1393,issue,open,,api_config,2021-12-16,,Emit not working,support_question,not_applicable,0.59,already_addressed,0.19,False,0.49,Routine,0.66,"{""0"": 0.45, ""1"": 0.45, ""2"": 0.09, ""3"": 0.01}",Documentation/Release17.md:21,s2b-batch-04,19156
1396,issue,open,,engine_transport,2021-12-28,,SSL Pinning with URLSessionDelegate doesnt use websocket protocol but uses polling,defect_current,already_addressed,0.9400000000000001,not_applicable,0.03,False,0.12,Important,1,"{""0"": 0.2, ""1"": 0.6, ""2"": 0.19, ""3"": 0.01}",Source/SocketIO/Engine/Transport/WebSocketSessionDelegateProxy.swift:14,s2b-batch-08,33966
1398,issue,closed,,engine_transport,2022-01-19,,SocketIO connected but emit not working,defect_current,not_applicable,0.96,matches_js_client,0.03,False,0.06,Routine,0.05,"{""0"": 0.96, ""1"": 0.04, ""2"": 0, ""3"": 0}",Source/SocketIO/Manager/SocketManager.swift:1150,s2b-batch-08,33966
1400,issue,open,,tls_security,2022-02-05,,`WSS` protocol does not trigger secure config,defect_current,still_applicable,0.87,matches_js_client,0.1,False,0.12,High,1.6,"{""0"": 0.01, ""1"": 0.39, ""2"": 0.58, ""3"": 0.02}",Source/SocketIO/Manager/SocketManager.swift:1124,s2b-batch-24,12468
1401,issue,open,,tls_security,2022-02-09,,App crash when connecting to socket,defect_current,insufficient_evidence,0.5700000000000001,not_applicable,0.43,False,0.03,Important,1.51,"{""0"": 0.07, ""1"": 0.44, ""2"": 0.4, ""3"": 0.09}",none,s2b-batch-24,12468
1403,issue,open,,api_config,2022-02-24,,websocket 重连错误，  guard !status.active else 第一次之后，永远return,defect_current,already_addressed,0.91,still_applicable,0.08,False,0.45,High,1.67,"{""0"": 0.04, ""1"": 0.33, ""2"": 0.55, ""3"": 0.08}",Source/SocketIO/Manager/SocketManager.swift:282,s2b-batch-04,19156
1404,issue,open,,engine_transport,2022-03-02,,"Socket.IO-Client-Swift  version is 15.2 but connect server of socket.io version4.4.1 ,connect error",defect_current,already_addressed,0.99,not_applicable,0.01,False,0.09,Important,1.11,"{""0"": 0.22, ""1"": 0.47, ""2"": 0.28, ""3"": 0.03}",Source/SocketIO/Engine/SocketEngineSpec.swift:200,s2b-batch-08,33966
1408,issue,closed,,api_config,2022-03-26,,It is really can NOT work,duplicate_invalid_spam,not_applicable,0.86,still_applicable,0.1,False,0.04,Routine,0.02,"{""0"": 0.99, ""1"": 0.01, ""2"": 0, ""3"": 0}",CHANGELOG.md:150,s2b-batch-04,19156
1411,issue,open,,api_config,2022-04-24,,Please support Objective-C,feature_request,not_applicable,0.9,still_applicable,0.09,False,0.03,Routine,0.07,"{""0"": 0.94, ""1"": 0.05, ""2"": 0.01, ""3"": 0}",CHANGELOG.md:150,s2b-batch-04,19156
1415,issue,open,,reconnect,2022-06-14,,Socket `disconnect` not fired when device loses network,defect_current,matches_js_client,0.79,still_applicable,0.21,False,0.04,High,1.62,"{""0"": 0.01, ""1"": 0.38, ""2"": 0.6, ""3"": 0.01}",Source/SocketIO/Engine/SocketEngine.swift:823,s2b-batch-17,25193
1416,issue,open,,tls_security,2022-06-28,enhancement|in progress,Swift 6 Rewrite,feature_request,already_addressed,0.98,insufficient_evidence,0.01,False,0.05,Routine,0.12,"{""0"": 0.9, ""1"": 0.09, ""2"": 0.01, ""3"": 0}",Package.swift:13,s2b-batch-24,12468
1417,issue,open,,reconnect,2022-07-12,,SocketClient deinit never called.,defect_current,already_addressed,0.44,still_applicable,0.43,True,0.64,Important,1.34,"{""0"": 0.07, ""1"": 0.54, ""2"": 0.37, ""3"": 0.02}",Tests/TestSocketIO/SocketPublicAPICoverageTest.swift:139,s2b-batch-18,30994
1421,issue,open,,threading_memory,2022-07-26,,"Crash when using '<', '>', '\' in connectParams",defect_current,still_applicable,0.99,already_addressed,0.01,False,0.03,High,2.1,"{""0"": 0, ""1"": 0.14, ""2"": 0.62, ""3"": 0.24}",Source/SocketIO/Util/SocketExtensions.swift:33,s2b-batch-21,19750
1422,issue,open,,reconnect,2022-08-04,,Connecting to the server with nginx load balancer sends socket.io iOS client into reconnection spiral,defect_current,already_addressed,0.43,still_applicable,0.24,False,0.44,High,1.99,"{""0"": 0.01, ""1"": 0.16, ""2"": 0.67, ""3"": 0.16}",Tests/TestSocketIO/SocketReconnectEventsTest.swift:279,s2b-batch-18,30994
1423,issue,open,,engine_transport,2022-08-14,,Behaviour change: connect on manager,docs_gap,matches_js_client,0.78,already_addressed,0.16,False,0.38,Routine,0.38,"{""0"": 0.63, ""1"": 0.36, ""2"": 0.01, ""3"": 0}",Source/SocketIO/Manager/SocketManager.swift:281,s2b-batch-08,33966
1424,issue,open,,parser_binary,2022-08-22,,Socket .on method is not calling until I emit anything,defect_current,not_applicable,0.71,matches_js_client,0.18,False,0.03,Routine,0.04,"{""0"": 0.96, ""1"": 0.04, ""2"": 0, ""3"": 0}",Source/SocketIO/Client/SocketIOClient.swift:1450,s2b-batch-15,33772
1427,issue,open,,other,2022-09-16,,ERROR: Property 'defaultSocket' not found on object of type 'SocketManager *',defect_current,not_applicable,0.71,already_addressed,0.22,False,0.05,Routine,0.5,"{""0"": 0.58, ""1"": 0.34, ""2"": 0.07, ""3"": 0.01}",CHANGELOG.md:150,s2b-batch-12,19101
1428,issue,open,,engine_transport,2022-09-16,,Doing Polling issue from swift client when using v4.5.2 socket.IO in a node.js server,defect_current,still_applicable,0.51,already_addressed,0.17,False,0.16,High,1.68,"{""0"": 0.04, ""1"": 0.31, ""2"": 0.59, ""3"": 0.06}",Source/SocketIO/Engine/SocketEngine.swift:118,s2b-batch-09,34861
1438,issue,open,,parser_binary,2023-03-27,,"How to get the underlying `NSError` object in an `on:callback:` for event type error, which is printed in the debug console?",feature_request,already_addressed,0.97,still_applicable,0.03,True,0.75,Routine,0.43,"{""0"": 0.59, ""1"": 0.39, ""2"": 0.02, ""3"": 0}",Tests/TestSocketIO/SocketRemainingParityTest.swift:305,s2b-batch-15,33772
1439,issue,open,,api_config,2023-04-02,,你能支持oc，16.0.1吗 when I add @objc to emitWithAck  warning：Method cannot be marked @objc because it has a variadic parameter  I can't swift，sorry,feature_request,not_applicable,0.99,still_applicable,0.01,False,0.03,Routine,0.04,"{""0"": 0.97, ""1"": 0.03, ""2"": 0, ""3"": 0}",CHANGELOG.md:150,s2b-batch-04,19156
1443,pr,closed,no,reconnect,2023-04-25,,Fix Internet switch cases by adding the case of viabilityChanged,pr_functional,not_applicable,0.94,still_applicable,0.03,False,0.04,Routine,0.61,"{""0"": 0.47, ""1"": 0.46, ""2"": 0.06, ""3"": 0.01}",none,s2b-batch-18,30994
1444,pr,open,no,reconnect,2023-04-25,,Fix the network switch cases by adding case for  .viabilityChanged(is…,pr_functional,not_applicable,0.87,still_applicable,0.07,False,0.05,Important,0.7,"{""0"": 0.4, ""1"": 0.51, ""2"": 0.09, ""3"": 0}",none,s2b-batch-18,30994
1445,issue,open,,engine_transport,2023-05-23,,Why can't I find a single tutorial or sample that ACTUALLY WORKS with socket io?,support_question,already_addressed,0.92,not_applicable,0.03,False,0.06,Routine,0.02,"{""0"": 0.99, ""1"": 0.01, ""2"": 0, ""3"": 0}",README.md:103,s2b-batch-09,34861
1449,issue,open,,engine_transport,2023-08-14,,SocketIOClientOption.cookies ignored in Starscream with HTTPCookieStorage,docs_gap,not_applicable,0.52,already_addressed,0.48,True,0.55,Important,1.25,"{""0"": 0.08, ""1"": 0.6, ""2"": 0.31, ""3"": 0.01}",Source/SocketIO/Engine/SocketEngine.swift:56,s2b-batch-09,34861
1455,issue,open,,engine_transport,2023-08-31,,Socket io gives a connection error when connecting back from going to background,defect_current,insufficient_evidence,0.6,still_applicable,0.36,False,0.07,Important,0.91,"{""0"": 0.24, ""1"": 0.61, ""2"": 0.14, ""3"": 0.01}",none,s2b-batch-09,34861
1459,issue,open,,threading_memory,2023-09-19,,"Socket.IO-Client-Swift version 16 Crash on iOS 16, built with Xcode 15",defect_current,not_applicable,0.97,already_addressed,0.03,False,0.04,Routine,1.06,"{""0"": 0.38, ""1"": 0.28, ""2"": 0.23, ""3"": 0.11}",README.md:886,s2b-batch-22,14747
1466,issue,open,,reconnect,2023-11-20,,LOG SocketManager: Tried connecting an already active socket,defect_current,matches_js_client,0.32,not_applicable,0.25,False,0.29,Important,1.18,"{""0"": 0.12, ""1"": 0.59, ""2"": 0.28, ""3"": 0.01}",Source/SocketIO/Manager/SocketManager.swift:282,s2b-batch-18,30994
1470,issue,open,,ack,2023-12-23,,Potential Memory Management Issue with emitWithAck and timingOut(after:),defect_current,already_addressed,0.81,still_applicable,0.14,False,0.05,Important,1.41,"{""0"": 0.02, ""1"": 0.55, ""2"": 0.42, ""3"": 0.01}",Source/SocketIO/Ack/SocketAckEmitter.swift:145,s2b-batch-01,17910
1473,pr,closed,no,engine_transport,2024-02-02,,Improved websocket reconnection logic,pr_functional,still_applicable,0.39999999999999997,already_addressed,0.31,False,0.07,Important,0.82,"{""0"": 0.31, ""1"": 0.56, ""2"": 0.13, ""3"": 0}",Source/SocketIO/Engine/SocketEngine.swift:44,s2b-batch-09,34861
1476,pr,closed,no,threading_memory,2024-03-08,,Thread safe handlers,pr_functional,still_applicable,0.95,matches_js_client,0.05,False,0.04,Routine,0.4,"{""0"": 0.64, ""1"": 0.33, ""2"": 0.03, ""3"": 0}",Source/SocketIO/Client/SocketIOClient.swift:71,s2b-batch-22,14747
1477,issue,open,,reconnect,2024-03-13,,Implement Connection State Recovery,feature_request,already_addressed,0.93,matches_js_client,0.06,True,0.69,Important,1.29,"{""0"": 0.12, ""1"": 0.47, ""2"": 0.4, ""3"": 0.01}",Source/SocketIO/Client/SocketIOClient.swift:125,s2b-batch-18,30994
1483,pr,open,no,engine_transport,2024-03-19,,Use correct default socket path. Use native engine of StarScream,pr_functional,still_applicable,0.39,already_addressed,0.37,False,0.3,High,1.58,"{""0"": 0.05, ""1"": 0.37, ""2"": 0.52, ""3"": 0.06}",Source/SocketIO/Manager/SocketManager.swift:1128,s2b-batch-09,34861
1496,issue,open,,parser_binary,2024-06-20,,"Binary data in base64 encoding (Polling) is not padded, causing compatibility issue with other SocketIO clients/servers",defect_current,already_addressed,0.64,matches_js_client,0.34,True,0.78,Routine,0.54,"{""0"": 0.6, ""1"": 0.28, ""2"": 0.1, ""3"": 0.02}",Tests/TestSocketIO/SocketEnginePacketCodecTest.swift:240,s2b-batch-15,33772
1497,issue,open,,api_config,2024-07-11,,Socket stopped listening event after 30 to 40 mins,defect_current,insufficient_evidence,0.8,still_applicable,0.11,False,0.03,Important,1,"{""0"": 0.16, ""1"": 0.69, ""2"": 0.15, ""3"": 0}",none,s2b-batch-04,19156
1498,issue,open,,reconnect,2024-08-01,,"""The operation couldn’t be completed. (SocketIO.EngineError error 0.)""",defect_current,still_applicable,0.51,already_addressed,0.25,False,0.14,Routine,0.31,"{""0"": 0.72, ""1"": 0.27, ""2"": 0.01, ""3"": 0}",Source/SocketIO/Engine/SocketEngine.swift:1332,s2b-batch-18,30994
1499,pr,closed,no,other,2024-09-03,,Development,insufficient_evidence,already_addressed,0.95,still_applicable,0.04,True,0.67,Important,0.82,"{""0"": 0.34, ""1"": 0.52, ""2"": 0.13, ""3"": 0.01}",Source/SocketIO/Manager/SocketManager.swift:282,s2b-batch-13,25682
1502,issue,open,,engine_transport,2024-10-17,,ERROR SocketManager: The operation couldn’t be completed. (xxxx.EngineError error 0.),defect_current,not_applicable,0.83,still_applicable,0.08,False,0.04,Routine,0.62,"{""0"": 0.51, ""1"": 0.37, ""2"": 0.1, ""3"": 0.02}",README.md:36,s2b-batch-09,34861
1505,issue,open,,tls_security,2024-11-18,,Compatible page 404,docs_gap,not_applicable,0.48,still_applicable,0.34,False,0.03,Routine,0.01,"{""0"": 0.99, ""1"": 0.01, ""2"": 0, ""3"": 0}",Usage Docs/Compatibility.md:1,s2b-batch-24,12468
1506,issue,open,,reconnect,2024-12-09,,What is the proper way to update `connectPayload` on reconnection?,feature_request,already_addressed,0.69,still_applicable,0.16,False,0.35,Routine,0.5,"{""0"": 0.52, ""1"": 0.46, ""2"": 0.02, ""3"": 0}",Source/SocketIO/Client/SocketIOClient.swift:1817,s2b-batch-18,30994
1507,issue,open,,api_config,2024-12-12,,Timeout or way to cancel `socketClient.once()` so that `.once()` can be safely wrapped in a `withCheckedContinuation` swift async block,feature_request,still_applicable,0.79,matches_js_client,0.2,False,0.07,Important,0.59,"{""0"": 0.45, ""1"": 0.51, ""2"": 0.04, ""3"": 0}",Source/SocketIO/Client/SocketIOClient.swift:1591,s2b-batch-05,4842
1508,pr,open,no,threading_memory,2024-12-17,,Fix crash after concurent modification of acks Set.,defect_current,still_applicable,0.63,already_addressed,0.37,False,0.07,High,2.15,"{""0"": 0.01, ""1"": 0.13, ""2"": 0.56, ""3"": 0.3}",Source/SocketIO/Ack/SocketAckManager.swift:84,s2b-batch-22,14747
1509,issue,open,,threading_memory,2024-12-30,,handleAck crash in V16.1.1,defect_current,still_applicable,0.73,already_addressed,0.24,False,0.05,High,2.3,"{""0"": 0, ""1"": 0.11, ""2"": 0.47, ""3"": 0.42}",Source/SocketIO/Ack/SocketAckManager.swift:84,s2b-batch-22,14747
1511,pr,open,no,other,2025-01-09,,Android,pr_functional,still_applicable,0.57,insufficient_evidence,0.39,False,0.04,Routine,0.59,"{""0"": 0.54, ""1"": 0.33, ""2"": 0.11, ""3"": 0.02}",none,s2b-batch-13,25682
1512,issue,open,,other,2025-01-12,,Any message incuding slash will be added escape character after calling emit,defect_current,still_applicable,0.83,already_addressed,0.11,False,0.04,Important,0.77,"{""0"": 0.37, ""1"": 0.49, ""2"": 0.13, ""3"": 0.01}",Source/SocketIO/Parse/SocketPacket.swift:201,s2b-batch-13,25682
1513,issue,open,,reconnect,2025-01-28,,Socket is not getting connect when coming from background to foreground,defect_current,still_applicable,0.52,matches_js_client,0.4,False,0.02,Important,1.22,"{""0"": 0.06, ""1"": 0.66, ""2"": 0.27, ""3"": 0.01}",Source/SocketIO/Manager/SocketManager.swift:282,s2b-batch-19,2620
1518,pr,open,no,tls_security,2025-02-12,,fix: wss secure,pr_functional,still_applicable,0.96,matches_js_client,0.03,False,0.1,High,1.52,"{""0"": 0.02, ""1"": 0.46, ""2"": 0.5, ""3"": 0.02}",Source/SocketIO/Manager/SocketManager.swift:1124,s2b-batch-24,12468
1520,pr,open,no,other,2025-05-21,,Adding missing error event,defect_current,insufficient_evidence,0.5,still_applicable,0.43,False,0.03,Important,1.22,"{""0"": 0.06, ""1"": 0.67, ""2"": 0.26, ""3"": 0.01}",none,s2b-batch-13,25682
1521,pr,open,no,engine_transport,2025-05-21,,Adding an option to ignore httpCookieStorage Cookies,pr_functional,already_addressed,0.57,still_applicable,0.31,False,0.16,Important,0.66,"{""0"": 0.41, ""1"": 0.53, ""2"": 0.06, ""3"": 0}",Source/SocketIO/Engine/SocketEngine.swift:56,s2b-batch-09,34861
1524,pr,open,no,threading_memory,2025-08-06,,Fix memory leak of URLSession in SocketEngine,defect_current,already_addressed,1,matches_js_client,0,False,0.02,Important,1.12,"{""0"": 0.15, ""1"": 0.59, ""2"": 0.25, ""3"": 0.01}",Source/SocketIO/Engine/SocketEngine.swift:933,s2a-batch-27,26434
1525,pr,open,no,other,2025-12-04,,Add socketio connection state recovery,pr_functional,already_addressed,0.94,still_applicable,0.04,True,0.52,High,1.4,"{""0"": 0.08, ""1"": 0.45, ""2"": 0.46, ""3"": 0.01}",Source/SocketIO/Client/SocketIOClient.swift:125,s2a-batch-17,19261
